country_id,country_name,year,v2x_polyarchy
3,Mexico,1789,0.026
3,Mexico,1790,0.026
3,Mexico,1791,0.026
3,Mexico,1792,0.026
3,Mexico,1793,0.026
3,Mexico,1794,0.026
3,Mexico,1795,0.026
3,Mexico,1796,0.026
3,Mexico,1797,0.026
3,Mexico,1798,0.026
3,Mexico,1799,0.026
3,Mexico,1800,0.026
3,Mexico,1801,0.026
3,Mexico,1802,0.026
3,Mexico,1803,0.026
3,Mexico,1804,0.026
3,Mexico,1805,0.026
3,Mexico,1806,0.026
3,Mexico,1807,0.026
3,Mexico,1808,0.026
3,Mexico,1809,0.026
3,Mexico,1810,0.029
3,Mexico,1811,0.029
3,Mexico,1812,0.036
3,Mexico,1813,0.053
3,Mexico,1814,0.053
3,Mexico,1815,0.053
3,Mexico,1816,0.039
3,Mexico,1817,0.039
3,Mexico,1818,0.039
3,Mexico,1819,0.039
3,Mexico,1820,0.047
3,Mexico,1821,0.092
3,Mexico,1822,0.15
3,Mexico,1823,0.177
3,Mexico,1824,0.181
3,Mexico,1825,0.181
3,Mexico,1826,0.181
3,Mexico,1827,0.181
3,Mexico,1828,0.181
3,Mexico,1829,0.181
3,Mexico,1830,0.15
3,Mexico,1831,0.15
3,Mexico,1832,0.162
3,Mexico,1833,0.181
3,Mexico,1834,0.181
3,Mexico,1835,0.181
3,Mexico,1836,0.181
3,Mexico,1837,0.162
3,Mexico,1838,0.162
3,Mexico,1839,0.162
3,Mexico,1840,0.162
3,Mexico,1841,0.155
3,Mexico,1842,0.186
3,Mexico,1843,0.228
3,Mexico,1844,0.228
3,Mexico,1845,0.228
3,Mexico,1846,0.195
3,Mexico,1847,0.213
3,Mexico,1848,0.228
3,Mexico,1849,0.228
3,Mexico,1850,0.198
3,Mexico,1851,0.198
3,Mexico,1852,0.198
3,Mexico,1853,0.198
3,Mexico,1854,0.236
3,Mexico,1855,0.236
3,Mexico,1856,0.236
3,Mexico,1857,0.255
3,Mexico,1858,0.145
3,Mexico,1859,0.14
3,Mexico,1860,0.14
3,Mexico,1861,0.14
3,Mexico,1862,0.14
3,Mexico,1863,0.14
3,Mexico,1864,0.14
3,Mexico,1865,0.14
3,Mexico,1866,0.14
3,Mexico,1867,0.176
3,Mexico,1868,0.197
3,Mexico,1869,0.197
3,Mexico,1870,0.197
3,Mexico,1871,0.197
3,Mexico,1872,0.197
3,Mexico,1873,0.197
3,Mexico,1874,0.197
3,Mexico,1875,0.197
3,Mexico,1876,0.188
3,Mexico,1877,0.133
3,Mexico,1878,0.131
3,Mexico,1879,0.131
3,Mexico,1880,0.131
3,Mexico,1881,0.131
3,Mexico,1882,0.131
3,Mexico,1883,0.131
3,Mexico,1884,0.131
3,Mexico,1885,0.131
3,Mexico,1886,0.131
3,Mexico,1887,0.131
3,Mexico,1888,0.131
3,Mexico,1889,0.131
3,Mexico,1890,0.131
3,Mexico,1891,0.131
3,Mexico,1892,0.131
3,Mexico,1893,0.131
3,Mexico,1894,0.131
3,Mexico,1895,0.131
3,Mexico,1896,0.131
3,Mexico,1897,0.131
3,Mexico,1898,0.131
3,Mexico,1899,0.131
3,Mexico,1900,0.109
3,Mexico,1901,0.109
3,Mexico,1902,0.109
3,Mexico,1903,0.109
3,Mexico,1904,0.109
3,Mexico,1905,0.109
3,Mexico,1906,0.109
3,Mexico,1907,0.109
3,Mexico,1908,0.109
3,Mexico,1909,0.109
3,Mexico,1910,0.118
3,Mexico,1911,0.124
3,Mexico,1912,0.191
3,Mexico,1913,0.114
3,Mexico,1914,0.104
3,Mexico,1915,0.108
3,Mexico,1916,0.113
3,Mexico,1917,0.147
3,Mexico,1918,0.226
3,Mexico,1919,0.227
3,Mexico,1920,0.205
3,Mexico,1921,0.196
3,Mexico,1922,0.196
3,Mexico,1923,0.196
3,Mexico,1924,0.194
3,Mexico,1925,0.192
3,Mexico,1926,0.188
3,Mexico,1927,0.188
3,Mexico,1928,0.188
3,Mexico,1929,0.185
3,Mexico,1930,0.181
3,Mexico,1931,0.181
3,Mexico,1932,0.181
3,Mexico,1933,0.181
3,Mexico,1934,0.187
3,Mexico,1935,0.195
3,Mexico,1936,0.195
3,Mexico,1937,0.195
3,Mexico,1938,0.195
3,Mexico,1939,0.202
3,Mexico,1940,0.203
3,Mexico,1941,0.193
3,Mexico,1942,0.193
3,Mexico,1943,0.193
3,Mexico,1944,0.194
3,Mexico,1945,0.194
3,Mexico,1946,0.196
3,Mexico,1947,0.198
3,Mexico,1948,0.196
3,Mexico,1949,0.199
3,Mexico,1950,0.2
3,Mexico,1951,0.2
3,Mexico,1952,0.198
3,Mexico,1953,0.199
3,Mexico,1954,0.234
3,Mexico,1955,0.235
3,Mexico,1956,0.235
3,Mexico,1957,0.235
3,Mexico,1958,0.234
3,Mexico,1959,0.234
3,Mexico,1960,0.234
3,Mexico,1961,0.235
3,Mexico,1962,0.236
3,Mexico,1963,0.236
3,Mexico,1964,0.235
3,Mexico,1965,0.235
3,Mexico,1966,0.235
3,Mexico,1967,0.239
3,Mexico,1968,0.241
3,Mexico,1969,0.246
3,Mexico,1970,0.251
3,Mexico,1971,0.25
3,Mexico,1972,0.252
3,Mexico,1973,0.253
3,Mexico,1974,0.255
3,Mexico,1975,0.255
3,Mexico,1976,0.263
3,Mexico,1977,0.28
3,Mexico,1978,0.298
3,Mexico,1979,0.3
3,Mexico,1980,0.302
3,Mexico,1981,0.307
3,Mexico,1982,0.316
3,Mexico,1983,0.326
3,Mexico,1984,0.326
3,Mexico,1985,0.328
3,Mexico,1986,0.329
3,Mexico,1987,0.334
3,Mexico,1988,0.348
3,Mexico,1989,0.377
3,Mexico,1990,0.387
3,Mexico,1991,0.411
3,Mexico,1992,0.439
3,Mexico,1993,0.448
3,Mexico,1994,0.468
3,Mexico,1995,0.487
3,Mexico,1996,0.508
3,Mexico,1997,0.544
3,Mexico,1998,0.594
3,Mexico,1999,0.597
3,Mexico,2000,0.634
3,Mexico,2001,0.676
3,Mexico,2002,0.685
3,Mexico,2003,0.693
3,Mexico,2004,0.701
3,Mexico,2005,0.701
3,Mexico,2006,0.672
3,Mexico,2007,0.647
3,Mexico,2008,0.642
3,Mexico,2009,0.645
3,Mexico,2010,0.652
3,Mexico,2011,0.65
3,Mexico,2012,0.648
3,Mexico,2013,0.619
3,Mexico,2014,0.62
3,Mexico,2015,0.631
3,Mexico,2016,0.635
3,Mexico,2017,0.624
3,Mexico,2018,0.67
3,Mexico,2019,0.671
3,Mexico,2020,0.645
15,Colombia,1789,
15,Colombia,1790,
15,Colombia,1791,
15,Colombia,1792,
15,Colombia,1793,
15,Colombia,1794,
15,Colombia,1795,
15,Colombia,1796,
15,Colombia,1797,
15,Colombia,1798,
15,Colombia,1799,
15,Colombia,1800,
15,Colombia,1801,
15,Colombia,1802,
15,Colombia,1803,
15,Colombia,1804,
15,Colombia,1805,
15,Colombia,1806,
15,Colombia,1807,
15,Colombia,1808,
15,Colombia,1809,
15,Colombia,1810,0.109
15,Colombia,1811,0.109
15,Colombia,1812,0.109
15,Colombia,1813,0.109
15,Colombia,1814,0.109
15,Colombia,1815,0.094
15,Colombia,1816,0.091
15,Colombia,1817,0.084
15,Colombia,1818,0.084
15,Colombia,1819,0.084
15,Colombia,1820,0.11
15,Colombia,1821,0.21
15,Colombia,1822,0.21
15,Colombia,1823,0.21
15,Colombia,1824,0.21
15,Colombia,1825,0.21
15,Colombia,1826,0.21
15,Colombia,1827,0.21
15,Colombia,1828,0.202
15,Colombia,1829,0.189
15,Colombia,1830,0.184
15,Colombia,1831,0.168
15,Colombia,1832,0.215
15,Colombia,1833,0.228
15,Colombia,1834,0.228
15,Colombia,1835,0.228
15,Colombia,1836,0.236
15,Colombia,1837,0.222
15,Colombia,1838,0.218
15,Colombia,1839,0.218
15,Colombia,1840,0.212
15,Colombia,1841,0.212
15,Colombia,1842,0.212
15,Colombia,1843,0.225
15,Colombia,1844,0.225
15,Colombia,1845,0.225
15,Colombia,1846,0.225
15,Colombia,1847,0.225
15,Colombia,1848,0.233
15,Colombia,1849,0.242
15,Colombia,1850,0.252
15,Colombia,1851,0.258
15,Colombia,1852,0.258
15,Colombia,1853,0.252
15,Colombia,1854,0.206
15,Colombia,1855,0.271
15,Colombia,1856,0.272
15,Colombia,1857,0.293
15,Colombia,1858,0.296
15,Colombia,1859,0.284
15,Colombia,1860,0.277
15,Colombia,1861,0.207
15,Colombia,1862,0.184
15,Colombia,1863,0.235
15,Colombia,1864,0.253
15,Colombia,1865,0.256
15,Colombia,1866,0.256
15,Colombia,1867,0.246
15,Colombia,1868,0.253
15,Colombia,1869,0.258
15,Colombia,1870,0.255
15,Colombia,1871,0.255
15,Colombia,1872,0.255
15,Colombia,1873,0.261
15,Colombia,1874,0.268
15,Colombia,1875,0.268
15,Colombia,1876,0.264
15,Colombia,1877,0.264
15,Colombia,1878,0.275
15,Colombia,1879,0.275
15,Colombia,1880,0.276
15,Colombia,1881,0.276
15,Colombia,1882,0.276
15,Colombia,1883,0.276
15,Colombia,1884,0.275
15,Colombia,1885,0.275
15,Colombia,1886,0.193
15,Colombia,1887,0.196
15,Colombia,1888,0.2
15,Colombia,1889,0.2
15,Colombia,1890,0.2
15,Colombia,1891,0.2
15,Colombia,1892,0.2
15,Colombia,1893,0.2
15,Colombia,1894,0.2
15,Colombia,1895,0.2
15,Colombia,1896,0.201
15,Colombia,1897,0.202
15,Colombia,1898,0.202
15,Colombia,1899,0.202
15,Colombia,1900,0.167
15,Colombia,1901,0.167
15,Colombia,1902,0.167
15,Colombia,1903,0.196
15,Colombia,1904,0.198
15,Colombia,1905,0.188
15,Colombia,1906,0.192
15,Colombia,1907,0.192
15,Colombia,1908,0.192
15,Colombia,1909,0.189
15,Colombia,1910,0.249
15,Colombia,1911,0.271
15,Colombia,1912,0.271
15,Colombia,1913,0.271
15,Colombia,1914,0.242
15,Colombia,1915,0.238
15,Colombia,1916,0.238
15,Colombia,1917,0.238
15,Colombia,1918,0.236
15,Colombia,1919,0.235
15,Colombia,1920,0.24
15,Colombia,1921,0.239
15,Colombia,1922,0.23
15,Colombia,1923,0.229
15,Colombia,1924,0.226
15,Colombia,1925,0.226
15,Colombia,1926,0.223
15,Colombia,1927,0.222
15,Colombia,1928,0.222
15,Colombia,1929,0.222
15,Colombia,1930,0.238
15,Colombia,1931,0.239
15,Colombia,1932,0.244
15,Colombia,1933,0.243
15,Colombia,1934,0.242
15,Colombia,1935,0.241
15,Colombia,1936,0.25
15,Colombia,1937,0.25
15,Colombia,1938,0.252
15,Colombia,1939,0.252
15,Colombia,1940,0.252
15,Colombia,1941,0.247
15,Colombia,1942,0.243
15,Colombia,1943,0.241
15,Colombia,1944,0.241
15,Colombia,1945,0.27
15,Colombia,1946,0.27
15,Colombia,1947,0.261
15,Colombia,1948,0.225
15,Colombia,1949,0.184
15,Colombia,1950,0.146
15,Colombia,1951,0.179
15,Colombia,1952,0.183
15,Colombia,1953,0.137
15,Colombia,1954,0.102
15,Colombia,1955,0.102
15,Colombia,1956,0.102
15,Colombia,1957,0.103
15,Colombia,1958,0.22
15,Colombia,1959,0.347
15,Colombia,1960,0.355
15,Colombia,1961,0.361
15,Colombia,1962,0.362
15,Colombia,1963,0.362
15,Colombia,1964,0.367
15,Colombia,1965,0.364
15,Colombia,1966,0.364
15,Colombia,1967,0.364
15,Colombia,1968,0.364
15,Colombia,1969,0.364
15,Colombia,1970,0.354
15,Colombia,1971,0.37
15,Colombia,1972,0.375
15,Colombia,1973,0.375
15,Colombia,1974,0.426
15,Colombia,1975,0.461
15,Colombia,1976,0.461
15,Colombia,1977,0.464
15,Colombia,1978,0.441
15,Colombia,1979,0.419
15,Colombia,1980,0.418
15,Colombia,1981,0.418
15,Colombia,1982,0.417
15,Colombia,1983,0.477
15,Colombia,1984,0.47
15,Colombia,1985,0.465
15,Colombia,1986,0.464
15,Colombia,1987,0.464
15,Colombia,1988,0.465
15,Colombia,1989,0.465
15,Colombia,1990,0.474
15,Colombia,1991,0.503
15,Colombia,1992,0.566
15,Colombia,1993,0.566
15,Colombia,1994,0.562
15,Colombia,1995,0.566
15,Colombia,1996,0.562
15,Colombia,1997,0.562
15,Colombia,1998,0.553
15,Colombia,1999,0.547
15,Colombia,2000,0.553
15,Colombia,2001,0.548
15,Colombia,2002,0.532
15,Colombia,2003,0.537
15,Colombia,2004,0.542
15,Colombia,2005,0.541
15,Colombia,2006,0.555
15,Colombia,2007,0.562
15,Colombia,2008,0.568
15,Colombia,2009,0.57
15,Colombia,2010,0.616
15,Colombia,2011,0.654
15,Colombia,2012,0.654
15,Colombia,2013,0.658
15,Colombia,2014,0.669
15,Colombia,2015,0.67
15,Colombia,2016,0.666
15,Colombia,2017,0.66
15,Colombia,2018,0.649
15,Colombia,2019,0.628
15,Colombia,2020,0.609
19,Brazil,1789,0.014
19,Brazil,1790,0.014
19,Brazil,1791,0.014
19,Brazil,1792,0.014
19,Brazil,1793,0.014
19,Brazil,1794,0.014
19,Brazil,1795,0.014
19,Brazil,1796,0.014
19,Brazil,1797,0.014
19,Brazil,1798,0.014
19,Brazil,1799,0.014
19,Brazil,1800,0.014
19,Brazil,1801,0.014
19,Brazil,1802,0.014
19,Brazil,1803,0.014
19,Brazil,1804,0.014
19,Brazil,1805,0.014
19,Brazil,1806,0.014
19,Brazil,1807,0.014
19,Brazil,1808,0.041
19,Brazil,1809,0.043
19,Brazil,1810,0.043
19,Brazil,1811,0.043
19,Brazil,1812,0.043
19,Brazil,1813,0.043
19,Brazil,1814,0.043
19,Brazil,1815,0.043
19,Brazil,1816,0.043
19,Brazil,1817,0.043
19,Brazil,1818,0.043
19,Brazil,1819,0.043
19,Brazil,1820,0.055
19,Brazil,1821,0.061
19,Brazil,1822,0.096
19,Brazil,1823,0.157
19,Brazil,1824,
19,Brazil,1825,
19,Brazil,1826,0.259
19,Brazil,1827,0.259
19,Brazil,1828,0.259
19,Brazil,1829,0.259
19,Brazil,1830,0.26
19,Brazil,1831,0.284
19,Brazil,1832,0.305
19,Brazil,1833,0.305
19,Brazil,1834,0.276
19,Brazil,1835,0.276
19,Brazil,1836,0.276
19,Brazil,1837,0.276
19,Brazil,1838,0.275
19,Brazil,1839,0.275
19,Brazil,1840,0.257
19,Brazil,1841,0.241
19,Brazil,1842,0.202
19,Brazil,1843,0.202
19,Brazil,1844,0.202
19,Brazil,1845,0.188
19,Brazil,1846,0.191
19,Brazil,1847,0.191
19,Brazil,1848,0.206
19,Brazil,1849,0.206
19,Brazil,1850,0.206
19,Brazil,1851,0.206
19,Brazil,1852,0.206
19,Brazil,1853,0.205
19,Brazil,1854,0.205
19,Brazil,1855,0.205
19,Brazil,1856,0.205
19,Brazil,1857,0.204
19,Brazil,1858,0.204
19,Brazil,1859,0.204
19,Brazil,1860,0.204
19,Brazil,1861,0.265
19,Brazil,1862,0.265
19,Brazil,1863,0.265
19,Brazil,1864,0.19
19,Brazil,1865,0.19
19,Brazil,1866,0.19
19,Brazil,1867,0.192
19,Brazil,1868,0.192
19,Brazil,1869,0.195
19,Brazil,1870,0.198
19,Brazil,1871,0.198
19,Brazil,1872,0.198
19,Brazil,1873,0.198
19,Brazil,1874,0.198
19,Brazil,1875,0.198
19,Brazil,1876,0.198
19,Brazil,1877,0.198
19,Brazil,1878,0.195
19,Brazil,1879,0.195
19,Brazil,1880,0.195
19,Brazil,1881,0.207
19,Brazil,1882,0.193
19,Brazil,1883,0.193
19,Brazil,1884,0.193
19,Brazil,1885,0.183
19,Brazil,1886,0.182
19,Brazil,1887,0.182
19,Brazil,1888,0.193
19,Brazil,1889,0.193
19,Brazil,1890,0.182
19,Brazil,1891,0.166
19,Brazil,1892,0.148
19,Brazil,1893,0.148
19,Brazil,1894,0.159
19,Brazil,1895,0.229
19,Brazil,1896,0.218
19,Brazil,1897,0.226
19,Brazil,1898,0.228
19,Brazil,1899,0.226
19,Brazil,1900,0.214
19,Brazil,1901,0.212
19,Brazil,1902,0.206
19,Brazil,1903,0.205
19,Brazil,1904,0.209
19,Brazil,1905,0.214
19,Brazil,1906,0.213
19,Brazil,1907,0.213
19,Brazil,1908,0.213
19,Brazil,1909,0.213
19,Brazil,1910,0.212
19,Brazil,1911,0.212
19,Brazil,1912,0.213
19,Brazil,1913,0.213
19,Brazil,1914,0.213
19,Brazil,1915,0.213
19,Brazil,1916,0.213
19,Brazil,1917,0.213
19,Brazil,1918,0.213
19,Brazil,1919,0.213
19,Brazil,1920,0.212
19,Brazil,1921,0.212
19,Brazil,1922,0.211
19,Brazil,1923,0.209
19,Brazil,1924,0.209
19,Brazil,1925,0.213
19,Brazil,1926,0.213
19,Brazil,1927,0.213
19,Brazil,1928,0.214
19,Brazil,1929,0.214
19,Brazil,1930,0.191
19,Brazil,1931,0.079
19,Brazil,1932,0.079
19,Brazil,1933,0.135
19,Brazil,1934,0.097
19,Brazil,1935,0.093
19,Brazil,1936,0.093
19,Brazil,1937,0.066
19,Brazil,1938,0.067
19,Brazil,1939,0.067
19,Brazil,1940,0.07
19,Brazil,1941,0.07
19,Brazil,1942,0.07
19,Brazil,1943,0.07
19,Brazil,1944,0.07
19,Brazil,1945,0.112
19,Brazil,1946,0.341
19,Brazil,1947,0.388
19,Brazil,1948,0.383
19,Brazil,1949,0.383
19,Brazil,1950,0.39
19,Brazil,1951,0.385
19,Brazil,1952,0.385
19,Brazil,1953,0.385
19,Brazil,1954,0.385
19,Brazil,1955,0.394
19,Brazil,1956,0.4
19,Brazil,1957,0.405
19,Brazil,1958,0.405
19,Brazil,1959,0.404
19,Brazil,1960,0.413
19,Brazil,1961,0.409
19,Brazil,1962,0.41
19,Brazil,1963,0.411
19,Brazil,1964,0.201
19,Brazil,1965,0.146
19,Brazil,1966,0.148
19,Brazil,1967,0.182
19,Brazil,1968,0.179
19,Brazil,1969,0.173
19,Brazil,1970,0.177
19,Brazil,1971,0.173
19,Brazil,1972,0.173
19,Brazil,1973,0.173
19,Brazil,1974,0.174
19,Brazil,1975,0.185
19,Brazil,1976,0.187
19,Brazil,1977,0.188
19,Brazil,1978,0.188
19,Brazil,1979,0.207
19,Brazil,1980,0.266
19,Brazil,1981,0.266
19,Brazil,1982,0.268
19,Brazil,1983,0.289
19,Brazil,1984,0.294
19,Brazil,1985,0.396
19,Brazil,1986,0.452
19,Brazil,1987,0.547
19,Brazil,1988,0.576
19,Brazil,1989,0.698
19,Brazil,1990,0.817
19,Brazil,1991,0.84
19,Brazil,1992,0.849
19,Brazil,1993,0.851
19,Brazil,1994,0.859
19,Brazil,1995,0.863
19,Brazil,1996,0.866
19,Brazil,1997,0.866
19,Brazil,1998,0.866
19,Brazil,1999,0.866
19,Brazil,2000,0.87
19,Brazil,2001,0.87
19,Brazil,2002,0.869
19,Brazil,2003,0.869
19,Brazil,2004,0.869
19,Brazil,2005,0.884
19,Brazil,2006,0.884
19,Brazil,2007,0.875
19,Brazil,2008,0.875
19,Brazil,2009,0.875
19,Brazil,2010,0.881
19,Brazil,2011,0.887
19,Brazil,2012,0.878
19,Brazil,2013,0.884
19,Brazil,2014,0.883
19,Brazil,2015,0.876
19,Brazil,2016,0.806
19,Brazil,2017,0.772
19,Brazil,2018,0.762
19,Brazil,2019,0.693
19,Brazil,2020,0.69
22,El Salvador,1838,0.067
22,El Salvador,1839,0.067
22,El Salvador,1840,0.089
22,El Salvador,1841,0.125
22,El Salvador,1842,
22,El Salvador,1843,
22,El Salvador,1844,
22,El Salvador,1845,0.131
22,El Salvador,1846,0.131
22,El Salvador,1847,
22,El Salvador,1848,0.131
22,El Salvador,1849,0.131
22,El Salvador,1850,
22,El Salvador,1851,0.13
22,El Salvador,1852,0.13
22,El Salvador,1853,
22,El Salvador,1854,
22,El Salvador,1855,
22,El Salvador,1856,
22,El Salvador,1857,
22,El Salvador,1858,0.131
22,El Salvador,1859,0.131
22,El Salvador,1860,
22,El Salvador,1861,
22,El Salvador,1862,
22,El Salvador,1863,0.068
22,El Salvador,1864,0.126
22,El Salvador,1865,0.131
22,El Salvador,1866,0.131
22,El Salvador,1867,0.131
22,El Salvador,1868,0.131
22,El Salvador,1869,0.131
22,El Salvador,1870,
22,El Salvador,1871,0.068
22,El Salvador,1872,
22,El Salvador,1873,
22,El Salvador,1874,
22,El Salvador,1875,
22,El Salvador,1876,0.069
22,El Salvador,1877,
22,El Salvador,1878,
22,El Salvador,1879,
22,El Salvador,1880,
22,El Salvador,1881,
22,El Salvador,1882,
22,El Salvador,1883,
22,El Salvador,1884,
22,El Salvador,1885,0.072
22,El Salvador,1886,
22,El Salvador,1887,
22,El Salvador,1888,
22,El Salvador,1889,
22,El Salvador,1890,0.088
22,El Salvador,1891,0.141
22,El Salvador,1892,
22,El Salvador,1893,
22,El Salvador,1894,
22,El Salvador,1895,
22,El Salvador,1896,
22,El Salvador,1897,
22,El Salvador,1898,
22,El Salvador,1899,
22,El Salvador,1900,
22,El Salvador,1901,
22,El Salvador,1902,
22,El Salvador,1903,0.163
22,El Salvador,1904,0.163
22,El Salvador,1905,0.163
22,El Salvador,1906,0.163
22,El Salvador,1907,0.164
22,El Salvador,1908,0.164
22,El Salvador,1909,0.164
22,El Salvador,1910,0.164
22,El Salvador,1911,0.164
22,El Salvador,1912,0.164
22,El Salvador,1913,0.164
22,El Salvador,1914,0.164
22,El Salvador,1915,0.175
22,El Salvador,1916,0.176
22,El Salvador,1917,0.176
22,El Salvador,1918,0.176
22,El Salvador,1919,0.166
22,El Salvador,1920,0.165
22,El Salvador,1921,0.165
22,El Salvador,1922,0.165
22,El Salvador,1923,0.165
22,El Salvador,1924,0.165
22,El Salvador,1925,0.165
22,El Salvador,1926,0.165
22,El Salvador,1927,0.171
22,El Salvador,1928,0.169
22,El Salvador,1929,0.169
22,El Salvador,1930,0.176
22,El Salvador,1931,0.16
22,El Salvador,1932,0.13
22,El Salvador,1933,0.127
22,El Salvador,1934,0.127
22,El Salvador,1935,0.126
22,El Salvador,1936,0.125
22,El Salvador,1937,0.125
22,El Salvador,1938,0.125
22,El Salvador,1939,0.126
22,El Salvador,1940,0.159
22,El Salvador,1941,0.159
22,El Salvador,1942,0.159
22,El Salvador,1943,0.159
22,El Salvador,1944,0.15
22,El Salvador,1945,0.166
22,El Salvador,1946,0.177
22,El Salvador,1947,0.177
22,El Salvador,1948,0.174
22,El Salvador,1949,0.108
22,El Salvador,1950,0.137
22,El Salvador,1951,0.184
22,El Salvador,1952,0.182
22,El Salvador,1953,0.182
22,El Salvador,1954,0.182
22,El Salvador,1955,0.178
22,El Salvador,1956,0.178
22,El Salvador,1957,0.178
22,El Salvador,1958,0.178
22,El Salvador,1959,0.178
22,El Salvador,1960,0.177
22,El Salvador,1961,0.114
22,El Salvador,1962,0.155
22,El Salvador,1963,0.189
22,El Salvador,1964,0.193
22,El Salvador,1965,0.193
22,El Salvador,1966,0.193
22,El Salvador,1967,0.193
22,El Salvador,1968,0.193
22,El Salvador,1969,0.192
22,El Salvador,1970,0.19
22,El Salvador,1971,0.189
22,El Salvador,1972,0.184
22,El Salvador,1973,0.175
22,El Salvador,1974,0.175
22,El Salvador,1975,0.175
22,El Salvador,1976,0.172
22,El Salvador,1977,0.172
22,El Salvador,1978,0.172
22,El Salvador,1979,0.156
22,El Salvador,1980,0.104
22,El Salvador,1981,0.105
22,El Salvador,1982,0.13
22,El Salvador,1983,0.141
22,El Salvador,1984,0.158
22,El Salvador,1985,0.193
22,El Salvador,1986,0.203
22,El Salvador,1987,0.203
22,El Salvador,1988,0.206
22,El Salvador,1989,0.21
22,El Salvador,1990,0.214
22,El Salvador,1991,0.225
22,El Salvador,1992,0.272
22,El Salvador,1993,0.378
22,El Salvador,1994,0.465
22,El Salvador,1995,0.486
22,El Salvador,1996,0.488
22,El Salvador,1997,0.491
22,El Salvador,1998,0.491
22,El Salvador,1999,0.504
22,El Salvador,2000,0.528
22,El Salvador,2001,0.539
22,El Salvador,2002,0.551
22,El Salvador,2003,0.54
22,El Salvador,2004,0.541
22,El Salvador,2005,0.542
22,El Salvador,2006,0.566
22,El Salvador,2007,0.571
22,El Salvador,2008,0.569
22,El Salvador,2009,0.596
22,El Salvador,2010,0.62
22,El Salvador,2011,0.62
22,El Salvador,2012,0.625
22,El Salvador,2013,0.633
22,El Salvador,2014,0.684
22,El Salvador,2015,0.668
22,El Salvador,2016,0.67
22,El Salvador,2017,0.683
22,El Salvador,2018,0.643
22,El Salvador,2019,0.644
22,El Salvador,2020,0.586
25,Bolivia,1825,0.142
25,Bolivia,1826,0.143
25,Bolivia,1827,0.143
25,Bolivia,1828,0.143
25,Bolivia,1829,0.178
25,Bolivia,1830,0.189
25,Bolivia,1831,0.189
25,Bolivia,1832,0.189
25,Bolivia,1833,0.189
25,Bolivia,1834,0.189
25,Bolivia,1835,0.177
25,Bolivia,1836,0.177
25,Bolivia,1837,0.177
25,Bolivia,1838,0.163
25,Bolivia,1839,0.2
25,Bolivia,1840,0.211
25,Bolivia,1841,0.212
25,Bolivia,1842,0.211
25,Bolivia,1843,0.211
25,Bolivia,1844,0.213
25,Bolivia,1845,0.213
25,Bolivia,1846,0.213
25,Bolivia,1847,0.213
25,Bolivia,1848,0.208
25,Bolivia,1849,0.145
25,Bolivia,1850,0.145
25,Bolivia,1851,0.208
25,Bolivia,1852,0.208
25,Bolivia,1853,0.208
25,Bolivia,1854,0.208
25,Bolivia,1855,0.205
25,Bolivia,1856,0.202
25,Bolivia,1857,0.195
25,Bolivia,1858,0.055
25,Bolivia,1859,0.055
25,Bolivia,1860,0.055
25,Bolivia,1861,0.061
25,Bolivia,1862,0.218
25,Bolivia,1863,0.218
25,Bolivia,1864,0.215
25,Bolivia,1865,0.061
25,Bolivia,1866,0.061
25,Bolivia,1867,0.061
25,Bolivia,1868,0.062
25,Bolivia,1869,0.062
25,Bolivia,1870,0.136
25,Bolivia,1871,0.135
25,Bolivia,1872,0.141
25,Bolivia,1873,0.198
25,Bolivia,1874,0.122
25,Bolivia,1875,0.111
25,Bolivia,1876,0.111
25,Bolivia,1877,0.111
25,Bolivia,1878,0.111
25,Bolivia,1879,0.111
25,Bolivia,1880,0.171
25,Bolivia,1881,0.174
25,Bolivia,1882,0.205
25,Bolivia,1883,0.205
25,Bolivia,1884,0.174
25,Bolivia,1885,0.175
25,Bolivia,1886,0.178
25,Bolivia,1887,0.178
25,Bolivia,1888,0.21
25,Bolivia,1889,0.21
25,Bolivia,1890,0.212
25,Bolivia,1891,0.212
25,Bolivia,1892,0.211
25,Bolivia,1893,0.211
25,Bolivia,1894,0.211
25,Bolivia,1895,0.211
25,Bolivia,1896,0.202
25,Bolivia,1897,0.202
25,Bolivia,1898,0.203
25,Bolivia,1899,0.153
25,Bolivia,1900,0.177
25,Bolivia,1901,0.174
25,Bolivia,1902,0.175
25,Bolivia,1903,0.175
25,Bolivia,1904,0.178
25,Bolivia,1905,0.178
25,Bolivia,1906,0.178
25,Bolivia,1907,0.178
25,Bolivia,1908,0.178
25,Bolivia,1909,0.179
25,Bolivia,1910,0.179
25,Bolivia,1911,0.179
25,Bolivia,1912,0.182
25,Bolivia,1913,0.18
25,Bolivia,1914,0.178
25,Bolivia,1915,0.178
25,Bolivia,1916,0.175
25,Bolivia,1917,0.178
25,Bolivia,1918,0.18
25,Bolivia,1919,0.18
25,Bolivia,1920,0.145
25,Bolivia,1921,0.164
25,Bolivia,1922,0.169
25,Bolivia,1923,0.168
25,Bolivia,1924,0.167
25,Bolivia,1925,0.168
25,Bolivia,1926,0.178
25,Bolivia,1927,0.179
25,Bolivia,1928,0.18
25,Bolivia,1929,0.18
25,Bolivia,1930,0.14
25,Bolivia,1931,0.163
25,Bolivia,1932,0.158
25,Bolivia,1933,0.155
25,Bolivia,1934,0.145
25,Bolivia,1935,0.075
25,Bolivia,1936,0.082
25,Bolivia,1937,0.082
25,Bolivia,1938,0.146
25,Bolivia,1939,0.175
25,Bolivia,1940,0.164
25,Bolivia,1941,0.161
25,Bolivia,1942,0.162
25,Bolivia,1943,0.154
25,Bolivia,1944,0.098
25,Bolivia,1945,0.111
25,Bolivia,1946,0.105
25,Bolivia,1947,0.162
25,Bolivia,1948,0.173
25,Bolivia,1949,0.168
25,Bolivia,1950,0.167
25,Bolivia,1951,0.121
25,Bolivia,1952,0.134
25,Bolivia,1953,0.219
25,Bolivia,1954,0.219
25,Bolivia,1955,0.221
25,Bolivia,1956,0.247
25,Bolivia,1957,0.269
25,Bolivia,1958,0.269
25,Bolivia,1959,0.268
25,Bolivia,1960,0.273
25,Bolivia,1961,0.274
25,Bolivia,1962,0.269
25,Bolivia,1963,0.265
25,Bolivia,1964,0.243
25,Bolivia,1965,0.126
25,Bolivia,1966,0.146
25,Bolivia,1967,0.185
25,Bolivia,1968,0.185
25,Bolivia,1969,0.165
25,Bolivia,1970,0.109
25,Bolivia,1971,0.107
25,Bolivia,1972,0.09
25,Bolivia,1973,0.09
25,Bolivia,1974,0.09
25,Bolivia,1975,0.088
25,Bolivia,1976,0.088
25,Bolivia,1977,0.088
25,Bolivia,1978,0.101
25,Bolivia,1979,0.142
25,Bolivia,1980,0.129
25,Bolivia,1981,0.099
25,Bolivia,1982,0.135
25,Bolivia,1983,0.324
25,Bolivia,1984,0.328
25,Bolivia,1985,0.478
25,Bolivia,1986,0.639
25,Bolivia,1987,0.646
25,Bolivia,1988,0.652
25,Bolivia,1989,0.653
25,Bolivia,1990,0.668
25,Bolivia,1991,0.708
25,Bolivia,1992,0.718
25,Bolivia,1993,0.732
25,Bolivia,1994,0.742
25,Bolivia,1995,0.749
25,Bolivia,1996,0.749
25,Bolivia,1997,0.754
25,Bolivia,1998,0.756
25,Bolivia,1999,0.761
25,Bolivia,2000,0.761
25,Bolivia,2001,0.76
25,Bolivia,2002,0.747
25,Bolivia,2003,0.739
25,Bolivia,2004,0.767
25,Bolivia,2005,0.764
25,Bolivia,2006,0.74
25,Bolivia,2007,0.725
25,Bolivia,2008,0.73
25,Bolivia,2009,0.729
25,Bolivia,2010,0.687
25,Bolivia,2011,0.684
25,Bolivia,2012,0.686
25,Bolivia,2013,0.67
25,Bolivia,2014,0.658
25,Bolivia,2015,0.627
25,Bolivia,2016,0.63
25,Bolivia,2017,0.63
25,Bolivia,2018,0.614
25,Bolivia,2019,0.561
25,Bolivia,2020,0.324
26,Haiti,1789,0.038
26,Haiti,1790,0.061
26,Haiti,1791,0.069
26,Haiti,1792,0.058
26,Haiti,1793,0.058
26,Haiti,1794,0.068
26,Haiti,1795,0.073
26,Haiti,1796,0.073
26,Haiti,1797,0.063
26,Haiti,1798,0.043
26,Haiti,1799,0.021
26,Haiti,1800,0.021
26,Haiti,1801,0.021
26,Haiti,1802,0.023
26,Haiti,1803,0.023
26,Haiti,1804,0.04
26,Haiti,1805,0.04
26,Haiti,1806,0.04
26,Haiti,1807,0.043
26,Haiti,1808,0.043
26,Haiti,1809,0.043
26,Haiti,1810,0.043
26,Haiti,1811,0.043
26,Haiti,1812,0.043
26,Haiti,1813,0.043
26,Haiti,1814,0.043
26,Haiti,1815,0.043
26,Haiti,1816,0.093
26,Haiti,1817,0.093
26,Haiti,1818,0.07
26,Haiti,1819,0.062
26,Haiti,1820,0.066
26,Haiti,1821,0.092
26,Haiti,1822,0.092
26,Haiti,1823,0.092
26,Haiti,1824,0.092
26,Haiti,1825,0.092
26,Haiti,1826,0.092
26,Haiti,1827,0.092
26,Haiti,1828,0.092
26,Haiti,1829,0.092
26,Haiti,1830,0.092
26,Haiti,1831,0.092
26,Haiti,1832,0.092
26,Haiti,1833,0.092
26,Haiti,1834,0.092
26,Haiti,1835,0.092
26,Haiti,1836,0.092
26,Haiti,1837,0.092
26,Haiti,1838,0.092
26,Haiti,1839,0.092
26,Haiti,1840,0.092
26,Haiti,1841,0.092
26,Haiti,1842,0.092
26,Haiti,1843,0.086
26,Haiti,1844,0.086
26,Haiti,1845,0.086
26,Haiti,1846,0.086
26,Haiti,1847,0.068
26,Haiti,1848,0.056
26,Haiti,1849,0.056
26,Haiti,1850,0.056
26,Haiti,1851,0.056
26,Haiti,1852,0.056
26,Haiti,1853,0.056
26,Haiti,1854,0.056
26,Haiti,1855,0.056
26,Haiti,1856,0.056
26,Haiti,1857,0.056
26,Haiti,1858,0.056
26,Haiti,1859,0.056
26,Haiti,1860,0.1
26,Haiti,1861,0.1
26,Haiti,1862,0.1
26,Haiti,1863,0.1
26,Haiti,1864,0.1
26,Haiti,1865,0.1
26,Haiti,1866,0.1
26,Haiti,1867,0.1
26,Haiti,1868,0.1
26,Haiti,1869,0.1
26,Haiti,1870,0.1
26,Haiti,1871,0.1
26,Haiti,1872,0.1
26,Haiti,1873,0.1
26,Haiti,1874,0.1
26,Haiti,1875,0.1
26,Haiti,1876,0.1
26,Haiti,1877,0.1
26,Haiti,1878,0.1
26,Haiti,1879,0.1
26,Haiti,1880,0.1
26,Haiti,1881,0.1
26,Haiti,1882,0.1
26,Haiti,1883,0.1
26,Haiti,1884,0.1
26,Haiti,1885,0.1
26,Haiti,1886,0.1
26,Haiti,1887,0.1
26,Haiti,1888,0.1
26,Haiti,1889,0.139
26,Haiti,1890,0.147
26,Haiti,1891,0.147
26,Haiti,1892,0.147
26,Haiti,1893,0.147
26,Haiti,1894,0.147
26,Haiti,1895,0.147
26,Haiti,1896,0.147
26,Haiti,1897,0.147
26,Haiti,1898,0.147
26,Haiti,1899,0.147
26,Haiti,1900,0.143
26,Haiti,1901,0.143
26,Haiti,1902,0.143
26,Haiti,1903,0.143
26,Haiti,1904,0.143
26,Haiti,1905,0.152
26,Haiti,1906,0.154
26,Haiti,1907,0.154
26,Haiti,1908,0.151
26,Haiti,1909,0.106
26,Haiti,1910,0.106
26,Haiti,1911,0.106
26,Haiti,1912,0.124
26,Haiti,1913,0.152
26,Haiti,1914,0.152
26,Haiti,1915,0.155
26,Haiti,1916,0.157
26,Haiti,1917,0.157
26,Haiti,1918,0.094
26,Haiti,1919,0.094
26,Haiti,1920,0.092
26,Haiti,1921,0.092
26,Haiti,1922,0.092
26,Haiti,1923,0.092
26,Haiti,1924,0.092
26,Haiti,1925,0.092
26,Haiti,1926,0.092
26,Haiti,1927,0.092
26,Haiti,1928,0.092
26,Haiti,1929,0.092
26,Haiti,1930,0.111
26,Haiti,1931,0.176
26,Haiti,1932,0.156
26,Haiti,1933,0.156
26,Haiti,1934,0.151
26,Haiti,1935,0.153
26,Haiti,1936,0.167
26,Haiti,1937,0.165
26,Haiti,1938,0.165
26,Haiti,1939,0.165
26,Haiti,1940,0.166
26,Haiti,1941,0.168
26,Haiti,1942,0.168
26,Haiti,1943,0.168
26,Haiti,1944,0.168
26,Haiti,1945,0.153
26,Haiti,1946,0.119
26,Haiti,1947,0.166
26,Haiti,1948,0.164
26,Haiti,1949,0.164
26,Haiti,1950,0.087
26,Haiti,1951,0.216
26,Haiti,1952,0.216
26,Haiti,1953,0.216
26,Haiti,1954,0.216
26,Haiti,1955,0.214
26,Haiti,1956,0.21
26,Haiti,1957,0.146
26,Haiti,1958,0.149
26,Haiti,1959,0.149
26,Haiti,1960,0.149
26,Haiti,1961,0.147
26,Haiti,1962,0.145
26,Haiti,1963,0.145
26,Haiti,1964,0.145
26,Haiti,1965,0.144
26,Haiti,1966,0.144
26,Haiti,1967,0.145
26,Haiti,1968,0.145
26,Haiti,1969,0.145
26,Haiti,1970,0.145
26,Haiti,1971,0.149
26,Haiti,1972,0.151
26,Haiti,1973,0.151
26,Haiti,1974,0.151
26,Haiti,1975,0.151
26,Haiti,1976,0.151
26,Haiti,1977,0.151
26,Haiti,1978,0.151
26,Haiti,1979,0.153
26,Haiti,1980,0.15
26,Haiti,1981,0.152
26,Haiti,1982,0.152
26,Haiti,1983,0.116
26,Haiti,1984,0.148
26,Haiti,1985,0.152
26,Haiti,1986,0.119
26,Haiti,1987,0.159
26,Haiti,1988,0.248
26,Haiti,1989,0.2
26,Haiti,1990,0.2
26,Haiti,1991,0.317
26,Haiti,1992,0.194
26,Haiti,1993,0.226
26,Haiti,1994,0.23
26,Haiti,1995,0.352
26,Haiti,1996,0.437
26,Haiti,1997,0.449
26,Haiti,1998,0.449
26,Haiti,1999,0.449
26,Haiti,2000,0.426
26,Haiti,2001,0.42
26,Haiti,2002,0.418
26,Haiti,2003,0.414
26,Haiti,2004,0.254
26,Haiti,2005,0.247
26,Haiti,2006,0.384
26,Haiti,2007,0.462
26,Haiti,2008,0.463
26,Haiti,2009,0.457
26,Haiti,2010,0.454
26,Haiti,2011,0.43
26,Haiti,2012,0.441
26,Haiti,2013,0.437
26,Haiti,2014,0.437
26,Haiti,2015,0.421
26,Haiti,2016,0.408
26,Haiti,2017,0.421
26,Haiti,2018,0.431
26,Haiti,2019,0.422
26,Haiti,2020,0.393
27,Honduras,1838,0.061
27,Honduras,1839,0.148
27,Honduras,1840,0.148
27,Honduras,1841,0.148
27,Honduras,1842,0.148
27,Honduras,1843,0.148
27,Honduras,1844,0.148
27,Honduras,1845,0.148
27,Honduras,1846,0.148
27,Honduras,1847,0.134
27,Honduras,1848,0.126
27,Honduras,1849,0.126
27,Honduras,1850,0.126
27,Honduras,1851,0.126
27,Honduras,1852,0.139
27,Honduras,1853,0.14
27,Honduras,1854,0.14
27,Honduras,1855,0.14
27,Honduras,1856,0.143
27,Honduras,1857,0.143
27,Honduras,1858,0.143
27,Honduras,1859,0.143
27,Honduras,1860,0.143
27,Honduras,1861,0.143
27,Honduras,1862,0.143
27,Honduras,1863,0.123
27,Honduras,1864,0.135
27,Honduras,1865,0.142
27,Honduras,1866,0.138
27,Honduras,1867,0.138
27,Honduras,1868,0.138
27,Honduras,1869,0.138
27,Honduras,1870,0.139
27,Honduras,1871,0.139
27,Honduras,1872,0.104
27,Honduras,1873,0.122
27,Honduras,1874,0.074
27,Honduras,1875,0.138
27,Honduras,1876,0.138
27,Honduras,1877,0.138
27,Honduras,1878,0.138
27,Honduras,1879,0.138
27,Honduras,1880,0.139
27,Honduras,1881,0.162
27,Honduras,1882,0.162
27,Honduras,1883,0.162
27,Honduras,1884,0.161
27,Honduras,1885,0.161
27,Honduras,1886,0.161
27,Honduras,1887,0.161
27,Honduras,1888,0.161
27,Honduras,1889,0.161
27,Honduras,1890,0.161
27,Honduras,1891,0.161
27,Honduras,1892,0.161
27,Honduras,1893,0.161
27,Honduras,1894,0.102
27,Honduras,1895,0.082
27,Honduras,1896,0.144
27,Honduras,1897,0.144
27,Honduras,1898,0.147
27,Honduras,1899,0.161
27,Honduras,1900,0.161
27,Honduras,1901,0.161
27,Honduras,1902,0.161
27,Honduras,1903,0.161
27,Honduras,1904,0.162
27,Honduras,1905,0.155
27,Honduras,1906,0.153
27,Honduras,1907,0.096
27,Honduras,1908,0.139
27,Honduras,1909,0.139
27,Honduras,1910,0.139
27,Honduras,1911,0.144
27,Honduras,1912,0.166
27,Honduras,1913,0.166
27,Honduras,1914,0.166
27,Honduras,1915,0.166
27,Honduras,1916,0.168
27,Honduras,1917,0.171
27,Honduras,1918,0.171
27,Honduras,1919,0.171
27,Honduras,1920,0.162
27,Honduras,1921,
27,Honduras,1922,
27,Honduras,1923,
27,Honduras,1924,
27,Honduras,1925,
27,Honduras,1926,
27,Honduras,1927,
27,Honduras,1928,
27,Honduras,1929,
27,Honduras,1930,
27,Honduras,1931,
27,Honduras,1932,
27,Honduras,1933,
27,Honduras,1934,
27,Honduras,1935,
27,Honduras,1936,
27,Honduras,1937,
27,Honduras,1938,
27,Honduras,1939,
27,Honduras,1940,
27,Honduras,1941,
27,Honduras,1942,
27,Honduras,1943,
27,Honduras,1944,
27,Honduras,1945,0.155
27,Honduras,1946,0.155
27,Honduras,1947,0.157
27,Honduras,1948,0.162
27,Honduras,1949,0.19
27,Honduras,1950,0.252
27,Honduras,1951,0.252
27,Honduras,1952,0.252
27,Honduras,1953,0.252
27,Honduras,1954,0.246
27,Honduras,1955,0.138
27,Honduras,1956,0.149
27,Honduras,1957,0.189
27,Honduras,1958,0.179
27,Honduras,1959,0.179
27,Honduras,1960,0.182
27,Honduras,1961,0.182
27,Honduras,1962,0.182
27,Honduras,1963,0.181
27,Honduras,1964,0.139
27,Honduras,1965,0.151
27,Honduras,1966,0.142
27,Honduras,1967,0.142
27,Honduras,1968,0.142
27,Honduras,1969,0.142
27,Honduras,1970,0.142
27,Honduras,1971,0.241
27,Honduras,1972,0.245
27,Honduras,1973,0.137
27,Honduras,1974,0.137
27,Honduras,1975,0.137
27,Honduras,1976,0.137
27,Honduras,1977,0.139
27,Honduras,1978,0.139
27,Honduras,1979,0.141
27,Honduras,1980,0.177
27,Honduras,1981,0.168
27,Honduras,1982,0.384
27,Honduras,1983,0.408
27,Honduras,1984,0.408
27,Honduras,1985,0.407
27,Honduras,1986,0.412
27,Honduras,1987,0.414
27,Honduras,1988,0.414
27,Honduras,1989,0.417
27,Honduras,1990,0.498
27,Honduras,1991,0.504
27,Honduras,1992,0.504
27,Honduras,1993,0.503
27,Honduras,1994,0.535
27,Honduras,1995,0.55
27,Honduras,1996,0.559
27,Honduras,1997,0.559
27,Honduras,1998,0.561
27,Honduras,1999,0.564
27,Honduras,2000,0.564
27,Honduras,2001,0.564
27,Honduras,2002,0.562
27,Honduras,2003,0.571
27,Honduras,2004,0.571
27,Honduras,2005,0.566
27,Honduras,2006,0.524
27,Honduras,2007,0.528
27,Honduras,2008,0.528
27,Honduras,2009,0.474
27,Honduras,2010,0.412
27,Honduras,2011,0.419
27,Honduras,2012,0.417
27,Honduras,2013,0.421
27,Honduras,2014,0.45
27,Honduras,2015,0.446
27,Honduras,2016,0.445
27,Honduras,2017,0.445
27,Honduras,2018,0.378
27,Honduras,2019,0.374
27,Honduras,2020,0.37
30,Peru,1789,
30,Peru,1790,
30,Peru,1791,
30,Peru,1792,
30,Peru,1793,
30,Peru,1794,
30,Peru,1795,
30,Peru,1796,
30,Peru,1797,
30,Peru,1798,
30,Peru,1799,
30,Peru,1800,
30,Peru,1801,
30,Peru,1802,
30,Peru,1803,
30,Peru,1804,
30,Peru,1805,
30,Peru,1806,
30,Peru,1807,
30,Peru,1808,
30,Peru,1809,
30,Peru,1810,
30,Peru,1811,
30,Peru,1812,
30,Peru,1813,
30,Peru,1814,
30,Peru,1815,
30,Peru,1816,
30,Peru,1817,
30,Peru,1818,
30,Peru,1819,
30,Peru,1820,
30,Peru,1821,0.107
30,Peru,1822,0.175
30,Peru,1823,0.229
30,Peru,1824,0.201
30,Peru,1825,0.213
30,Peru,1826,0.153
30,Peru,1827,0.23
30,Peru,1828,0.23
30,Peru,1829,0.236
30,Peru,1830,0.221
30,Peru,1831,0.221
30,Peru,1832,0.221
30,Peru,1833,0.227
30,Peru,1834,0.219
30,Peru,1835,0.222
30,Peru,1836,0.217
30,Peru,1837,0.161
30,Peru,1838,0.161
30,Peru,1839,0.161
30,Peru,1840,0.209
30,Peru,1841,0.205
30,Peru,1842,0.177
30,Peru,1843,0.177
30,Peru,1844,0.177
30,Peru,1845,0.224
30,Peru,1846,0.242
30,Peru,1847,0.242
30,Peru,1848,0.242
30,Peru,1849,0.242
30,Peru,1850,0.242
30,Peru,1851,0.242
30,Peru,1852,0.242
30,Peru,1853,0.242
30,Peru,1854,0.235
30,Peru,1855,0.196
30,Peru,1856,0.222
30,Peru,1857,0.192
30,Peru,1858,0.257
30,Peru,1859,0.251
30,Peru,1860,0.253
30,Peru,1861,0.227
30,Peru,1862,0.227
30,Peru,1863,0.215
30,Peru,1864,0.211
30,Peru,1865,0.21
30,Peru,1866,0.201
30,Peru,1867,0.21
30,Peru,1868,0.182
30,Peru,1869,0.218
30,Peru,1870,0.218
30,Peru,1871,0.226
30,Peru,1872,0.255
30,Peru,1873,0.255
30,Peru,1874,0.255
30,Peru,1875,0.255
30,Peru,1876,0.255
30,Peru,1877,0.253
30,Peru,1878,0.246
30,Peru,1879,0.243
30,Peru,1880,0.021
30,Peru,1881,0.046
30,Peru,1882,0.052
30,Peru,1883,0.071
30,Peru,1884,0.178
30,Peru,1885,0.178
30,Peru,1886,
30,Peru,1887,
30,Peru,1888,
30,Peru,1889,
30,Peru,1890,
30,Peru,1891,
30,Peru,1892,0.216
30,Peru,1893,0.214
30,Peru,1894,0.208
30,Peru,1895,0.217
30,Peru,1896,0.239
30,Peru,1897,0.257
30,Peru,1898,0.257
30,Peru,1899,0.261
30,Peru,1900,0.265
30,Peru,1901,0.265
30,Peru,1902,0.265
30,Peru,1903,0.251
30,Peru,1904,0.244
30,Peru,1905,0.247
30,Peru,1906,0.248
30,Peru,1907,0.248
30,Peru,1908,0.248
30,Peru,1909,0.25
30,Peru,1910,0.254
30,Peru,1911,0.253
30,Peru,1912,0.252
30,Peru,1913,0.245
30,Peru,1914,0.164
30,Peru,1915,0.192
30,Peru,1916,0.253
30,Peru,1917,0.253
30,Peru,1918,0.253
30,Peru,1919,0.207
30,Peru,1920,0.194
30,Peru,1921,0.189
30,Peru,1922,0.189
30,Peru,1923,0.189
30,Peru,1924,0.189
30,Peru,1925,0.183
30,Peru,1926,0.183
30,Peru,1927,0.183
30,Peru,1928,0.183
30,Peru,1929,0.183
30,Peru,1930,0.159
30,Peru,1931,0.124
30,Peru,1932,0.154
30,Peru,1933,0.134
30,Peru,1934,0.125
30,Peru,1935,0.125
30,Peru,1936,0.125
30,Peru,1937,0.125
30,Peru,1938,0.125
30,Peru,1939,0.149
30,Peru,1940,0.262
30,Peru,1941,0.262
30,Peru,1942,0.262
30,Peru,1943,0.262
30,Peru,1944,0.262
30,Peru,1945,0.296
30,Peru,1946,0.317
30,Peru,1947,0.324
30,Peru,1948,0.217
30,Peru,1949,0.09
30,Peru,1950,0.124
30,Peru,1951,0.166
30,Peru,1952,0.166
30,Peru,1953,0.166
30,Peru,1954,0.166
30,Peru,1955,0.166
30,Peru,1956,0.241
30,Peru,1957,0.369
30,Peru,1958,0.369
30,Peru,1959,0.369
30,Peru,1960,0.369
30,Peru,1961,0.377
30,Peru,1962,0.299
30,Peru,1963,0.309
30,Peru,1964,0.441
30,Peru,1965,0.441
30,Peru,1966,0.441
30,Peru,1967,0.437
30,Peru,1968,0.255
30,Peru,1969,0.091
30,Peru,1970,0.099
30,Peru,1971,0.099
30,Peru,1972,0.099
30,Peru,1973,0.096
30,Peru,1974,0.092
30,Peru,1975,0.092
30,Peru,1976,0.101
30,Peru,1977,0.102
30,Peru,1978,0.181
30,Peru,1979,0.165
30,Peru,1980,0.449
30,Peru,1981,0.679
30,Peru,1982,0.682
30,Peru,1983,0.682
30,Peru,1984,0.682
30,Peru,1985,0.671
30,Peru,1986,0.674
30,Peru,1987,0.674
30,Peru,1988,0.674
30,Peru,1989,0.674
30,Peru,1990,0.614
30,Peru,1991,0.597
30,Peru,1992,0.229
30,Peru,1993,0.259
30,Peru,1994,0.256
30,Peru,1995,0.362
30,Peru,1996,0.377
30,Peru,1997,0.377
30,Peru,1998,0.365
30,Peru,1999,0.365
30,Peru,2000,0.432
30,Peru,2001,0.696
30,Peru,2002,0.798
30,Peru,2003,0.798
30,Peru,2004,0.797
30,Peru,2005,0.797
30,Peru,2006,0.787
30,Peru,2007,0.782
30,Peru,2008,0.786
30,Peru,2009,0.781
30,Peru,2010,0.79
30,Peru,2011,0.802
30,Peru,2012,0.81
30,Peru,2013,0.806
30,Peru,2014,0.803
30,Peru,2015,0.79
30,Peru,2016,0.776
30,Peru,2017,0.773
30,Peru,2018,0.792
30,Peru,2019,0.782
30,Peru,2020,0.803
37,Argentina,1789,
37,Argentina,1790,
37,Argentina,1791,
37,Argentina,1792,
37,Argentina,1793,
37,Argentina,1794,
37,Argentina,1795,
37,Argentina,1796,
37,Argentina,1797,
37,Argentina,1798,
37,Argentina,1799,
37,Argentina,1800,
37,Argentina,1801,
37,Argentina,1802,
37,Argentina,1803,
37,Argentina,1804,
37,Argentina,1805,
37,Argentina,1806,
37,Argentina,1807,
37,Argentina,1808,
37,Argentina,1809,
37,Argentina,1810,0.043
37,Argentina,1811,0.059
37,Argentina,1812,0.059
37,Argentina,1813,0.059
37,Argentina,1814,0.059
37,Argentina,1815,0.059
37,Argentina,1816,0.09
37,Argentina,1817,0.09
37,Argentina,1818,0.09
37,Argentina,1819,0.09
37,Argentina,1820,0.09
37,Argentina,1821,0.09
37,Argentina,1822,0.09
37,Argentina,1823,0.09
37,Argentina,1824,0.09
37,Argentina,1825,0.09
37,Argentina,1826,0.109
37,Argentina,1827,0.1
37,Argentina,1828,0.081
37,Argentina,1829,0.076
37,Argentina,1830,0.076
37,Argentina,1831,0.076
37,Argentina,1832,0.076
37,Argentina,1833,0.076
37,Argentina,1834,0.076
37,Argentina,1835,0.076
37,Argentina,1836,0.076
37,Argentina,1837,0.076
37,Argentina,1838,0.076
37,Argentina,1839,0.076
37,Argentina,1840,0.076
37,Argentina,1841,0.076
37,Argentina,1842,0.076
37,Argentina,1843,0.076
37,Argentina,1844,0.076
37,Argentina,1845,0.076
37,Argentina,1846,0.076
37,Argentina,1847,0.076
37,Argentina,1848,0.076
37,Argentina,1849,0.076
37,Argentina,1850,0.076
37,Argentina,1851,0.076
37,Argentina,1852,0.076
37,Argentina,1853,0.135
37,Argentina,1854,0.249
37,Argentina,1855,0.249
37,Argentina,1856,0.25
37,Argentina,1857,0.273
37,Argentina,1858,0.273
37,Argentina,1859,0.273
37,Argentina,1860,0.3
37,Argentina,1861,0.301
37,Argentina,1862,0.354
37,Argentina,1863,0.375
37,Argentina,1864,0.375
37,Argentina,1865,0.375
37,Argentina,1866,0.376
37,Argentina,1867,0.376
37,Argentina,1868,0.376
37,Argentina,1869,0.376
37,Argentina,1870,0.374
37,Argentina,1871,0.374
37,Argentina,1872,0.376
37,Argentina,1873,0.376
37,Argentina,1874,0.377
37,Argentina,1875,0.377
37,Argentina,1876,0.378
37,Argentina,1877,0.378
37,Argentina,1878,0.375
37,Argentina,1879,0.375
37,Argentina,1880,0.379
37,Argentina,1881,0.379
37,Argentina,1882,0.379
37,Argentina,1883,0.379
37,Argentina,1884,0.374
37,Argentina,1885,0.374
37,Argentina,1886,0.374
37,Argentina,1887,0.374
37,Argentina,1888,0.378
37,Argentina,1889,0.378
37,Argentina,1890,0.376
37,Argentina,1891,0.376
37,Argentina,1892,0.379
37,Argentina,1893,0.379
37,Argentina,1894,0.378
37,Argentina,1895,0.378
37,Argentina,1896,0.38
37,Argentina,1897,0.38
37,Argentina,1898,0.383
37,Argentina,1899,0.383
37,Argentina,1900,0.383
37,Argentina,1901,0.383
37,Argentina,1902,0.383
37,Argentina,1903,0.383
37,Argentina,1904,0.357
37,Argentina,1905,0.347
37,Argentina,1906,0.347
37,Argentina,1907,0.347
37,Argentina,1908,0.347
37,Argentina,1909,0.347
37,Argentina,1910,0.346
37,Argentina,1911,0.345
37,Argentina,1912,0.419
37,Argentina,1913,0.442
37,Argentina,1914,0.436
37,Argentina,1915,0.435
37,Argentina,1916,0.471
37,Argentina,1917,0.492
37,Argentina,1918,0.505
37,Argentina,1919,0.499
37,Argentina,1920,0.507
37,Argentina,1921,0.509
37,Argentina,1922,0.515
37,Argentina,1923,0.517
37,Argentina,1924,0.518
37,Argentina,1925,0.518
37,Argentina,1926,0.519
37,Argentina,1927,0.519
37,Argentina,1928,0.521
37,Argentina,1929,0.522
37,Argentina,1930,0.31
37,Argentina,1931,0.113
37,Argentina,1932,0.233
37,Argentina,1933,0.28
37,Argentina,1934,0.271
37,Argentina,1935,0.27
37,Argentina,1936,0.27
37,Argentina,1937,0.273
37,Argentina,1938,0.276
37,Argentina,1939,0.277
37,Argentina,1940,0.287
37,Argentina,1941,0.288
37,Argentina,1942,0.29
37,Argentina,1943,0.166
37,Argentina,1944,0.104
37,Argentina,1945,0.092
37,Argentina,1946,0.282
37,Argentina,1947,0.355
37,Argentina,1948,0.409
37,Argentina,1949,0.4
37,Argentina,1950,0.379
37,Argentina,1951,0.366
37,Argentina,1952,0.36
37,Argentina,1953,0.359
37,Argentina,1954,0.354
37,Argentina,1955,0.292
37,Argentina,1956,0.144
37,Argentina,1957,0.181
37,Argentina,1958,0.368
37,Argentina,1959,0.473
37,Argentina,1960,0.484
37,Argentina,1961,0.488
37,Argentina,1962,0.273
37,Argentina,1963,0.301
37,Argentina,1964,0.513
37,Argentina,1965,0.514
37,Argentina,1966,0.223
37,Argentina,1967,0.104
37,Argentina,1968,0.105
37,Argentina,1969,0.105
37,Argentina,1970,0.105
37,Argentina,1971,0.112
37,Argentina,1972,0.126
37,Argentina,1973,0.338
37,Argentina,1974,0.576
37,Argentina,1975,0.544
37,Argentina,1976,0.129
37,Argentina,1977,0.071
37,Argentina,1978,0.071
37,Argentina,1979,0.071
37,Argentina,1980,0.071
37,Argentina,1981,0.071
37,Argentina,1982,0.074
37,Argentina,1983,0.194
37,Argentina,1984,0.835
37,Argentina,1985,0.835
37,Argentina,1986,0.833
37,Argentina,1987,0.836
37,Argentina,1988,0.835
37,Argentina,1989,0.831
37,Argentina,1990,0.828
37,Argentina,1991,0.829
37,Argentina,1992,0.831
37,Argentina,1993,0.832
37,Argentina,1994,0.84
37,Argentina,1995,0.837
37,Argentina,1996,0.831
37,Argentina,1997,0.831
37,Argentina,1998,0.83
37,Argentina,1999,0.83
37,Argentina,2000,0.84
37,Argentina,2001,0.839
37,Argentina,2002,0.835
37,Argentina,2003,0.813
37,Argentina,2004,0.812
37,Argentina,2005,0.808
37,Argentina,2006,0.788
37,Argentina,2007,0.79
37,Argentina,2008,0.784
37,Argentina,2009,0.779
37,Argentina,2010,0.773
37,Argentina,2011,0.774
37,Argentina,2012,0.773
37,Argentina,2013,0.779
37,Argentina,2014,0.791
37,Argentina,2015,0.775
37,Argentina,2016,0.75
37,Argentina,2017,0.749
37,Argentina,2018,0.779
37,Argentina,2019,0.777
37,Argentina,2020,0.831
51,Venezuela,1789,0.007
51,Venezuela,1790,0.007
51,Venezuela,1791,0.007
51,Venezuela,1792,0.007
51,Venezuela,1793,0.007
51,Venezuela,1794,0.007
51,Venezuela,1795,0.007
51,Venezuela,1796,0.007
51,Venezuela,1797,0.007
51,Venezuela,1798,0.007
51,Venezuela,1799,0.007
51,Venezuela,1800,0.012
51,Venezuela,1801,0.012
51,Venezuela,1802,0.012
51,Venezuela,1803,0.012
51,Venezuela,1804,0.012
51,Venezuela,1805,0.012
51,Venezuela,1806,0.012
51,Venezuela,1807,0.012
51,Venezuela,1808,0.012
51,Venezuela,1809,0.012
51,Venezuela,1810,0.035
51,Venezuela,1811,0.035
51,Venezuela,1812,0.035
51,Venezuela,1813,0.03
51,Venezuela,1814,0.022
51,Venezuela,1815,0.02
51,Venezuela,1816,0.02
51,Venezuela,1817,0.02
51,Venezuela,1818,0.02
51,Venezuela,1819,0.02
51,Venezuela,1830,0.126
51,Venezuela,1831,0.173
51,Venezuela,1832,0.173
51,Venezuela,1833,0.173
51,Venezuela,1834,0.173
51,Venezuela,1835,0.173
51,Venezuela,1836,0.162
51,Venezuela,1837,0.157
51,Venezuela,1838,0.157
51,Venezuela,1839,0.172
51,Venezuela,1840,0.124
51,Venezuela,1841,0.121
51,Venezuela,1842,0.121
51,Venezuela,1843,0.121
51,Venezuela,1844,0.121
51,Venezuela,1845,0.121
51,Venezuela,1846,0.121
51,Venezuela,1847,0.121
51,Venezuela,1848,0.112
51,Venezuela,1849,0.072
51,Venezuela,1850,0.072
51,Venezuela,1851,0.072
51,Venezuela,1852,0.072
51,Venezuela,1853,0.072
51,Venezuela,1854,0.072
51,Venezuela,1855,0.072
51,Venezuela,1856,0.072
51,Venezuela,1857,0.072
51,Venezuela,1858,0.05
51,Venezuela,1859,0.047
51,Venezuela,1860,0.097
51,Venezuela,1861,0.087
51,Venezuela,1862,0.035
51,Venezuela,1863,0.047
51,Venezuela,1864,0.06
51,Venezuela,1865,0.071
51,Venezuela,1866,0.071
51,Venezuela,1867,0.071
51,Venezuela,1868,0.066
51,Venezuela,1869,0.095
51,Venezuela,1870,0.077
51,Venezuela,1871,0.065
51,Venezuela,1872,0.065
51,Venezuela,1873,0.065
51,Venezuela,1874,0.065
51,Venezuela,1875,0.065
51,Venezuela,1876,0.065
51,Venezuela,1877,0.104
51,Venezuela,1878,0.112
51,Venezuela,1879,0.082
51,Venezuela,1880,0.07
51,Venezuela,1881,0.07
51,Venezuela,1882,0.07
51,Venezuela,1883,0.08
51,Venezuela,1884,0.112
51,Venezuela,1885,0.147
51,Venezuela,1886,0.144
51,Venezuela,1887,0.147
51,Venezuela,1888,0.147
51,Venezuela,1889,0.147
51,Venezuela,1890,0.14
51,Venezuela,1891,0.14
51,Venezuela,1892,0.127
51,Venezuela,1893,0.114
51,Venezuela,1894,0.166
51,Venezuela,1895,0.179
51,Venezuela,1896,0.179
51,Venezuela,1897,0.138
51,Venezuela,1898,0.136
51,Venezuela,1899,0.122
51,Venezuela,1900,0.025
51,Venezuela,1901,0.025
51,Venezuela,1902,0.025
51,Venezuela,1903,0.025
51,Venezuela,1904,0.025
51,Venezuela,1905,0.025
51,Venezuela,1906,0.025
51,Venezuela,1907,0.025
51,Venezuela,1908,0.025
51,Venezuela,1909,0.028
51,Venezuela,1910,0.028
51,Venezuela,1911,0.028
51,Venezuela,1912,0.028
51,Venezuela,1913,0.028
51,Venezuela,1914,0.025
51,Venezuela,1915,0.024
51,Venezuela,1916,0.021
51,Venezuela,1917,0.021
51,Venezuela,1918,0.021
51,Venezuela,1919,0.021
51,Venezuela,1920,0.024
51,Venezuela,1921,0.024
51,Venezuela,1922,0.024
51,Venezuela,1923,0.024
51,Venezuela,1924,0.024
51,Venezuela,1925,0.024
51,Venezuela,1926,0.024
51,Venezuela,1927,0.024
51,Venezuela,1928,0.024
51,Venezuela,1929,0.024
51,Venezuela,1930,0.024
51,Venezuela,1931,0.024
51,Venezuela,1932,0.024
51,Venezuela,1933,0.024
51,Venezuela,1934,0.024
51,Venezuela,1935,0.024
51,Venezuela,1936,0.055
51,Venezuela,1937,0.072
51,Venezuela,1938,0.075
51,Venezuela,1939,0.076
51,Venezuela,1940,0.084
51,Venezuela,1941,0.107
51,Venezuela,1942,0.11
51,Venezuela,1943,0.112
51,Venezuela,1944,0.114
51,Venezuela,1945,0.123
51,Venezuela,1946,0.177
51,Venezuela,1947,0.278
51,Venezuela,1948,0.404
51,Venezuela,1949,0.102
51,Venezuela,1950,0.097
51,Venezuela,1951,0.097
51,Venezuela,1952,0.096
51,Venezuela,1953,0.09
51,Venezuela,1954,0.09
51,Venezuela,1955,0.09
51,Venezuela,1956,0.09
51,Venezuela,1957,0.092
51,Venezuela,1958,0.266
51,Venezuela,1959,0.592
51,Venezuela,1960,0.656
51,Venezuela,1961,0.671
51,Venezuela,1962,0.662
51,Venezuela,1963,0.66
51,Venezuela,1964,0.646
51,Venezuela,1965,0.646
51,Venezuela,1966,0.646
51,Venezuela,1967,0.646
51,Venezuela,1968,0.647
51,Venezuela,1969,0.68
51,Venezuela,1970,0.694
51,Venezuela,1971,0.696
51,Venezuela,1972,0.707
51,Venezuela,1973,0.709
51,Venezuela,1974,0.739
51,Venezuela,1975,0.739
51,Venezuela,1976,0.739
51,Venezuela,1977,0.739
51,Venezuela,1978,0.739
51,Venezuela,1979,0.737
51,Venezuela,1980,0.738
51,Venezuela,1981,0.738
51,Venezuela,1982,0.738
51,Venezuela,1983,0.738
51,Venezuela,1984,0.74
51,Venezuela,1985,0.739
51,Venezuela,1986,0.736
51,Venezuela,1987,0.736
51,Venezuela,1988,0.74
51,Venezuela,1989,0.746
51,Venezuela,1990,0.749
51,Venezuela,1991,0.752
51,Venezuela,1992,0.751
51,Venezuela,1993,0.751
51,Venezuela,1994,0.761
51,Venezuela,1995,0.761
51,Venezuela,1996,0.761
51,Venezuela,1997,0.759
51,Venezuela,1998,0.75
51,Venezuela,1999,0.706
51,Venezuela,2000,0.599
51,Venezuela,2001,0.535
51,Venezuela,2002,0.507
51,Venezuela,2003,0.494
51,Venezuela,2004,0.486
51,Venezuela,2005,0.484
51,Venezuela,2006,0.456
51,Venezuela,2007,0.439
51,Venezuela,2008,0.436
51,Venezuela,2009,0.435
51,Venezuela,2010,0.43
51,Venezuela,2011,0.421
51,Venezuela,2012,0.415
51,Venezuela,2013,0.335
51,Venezuela,2014,0.316
51,Venezuela,2015,0.308
51,Venezuela,2016,0.294
51,Venezuela,2017,0.245
51,Venezuela,2018,0.215
51,Venezuela,2019,0.209
51,Venezuela,2020,0.209
59,Nicaragua,1838,
59,Nicaragua,1839,
59,Nicaragua,1840,
59,Nicaragua,1841,
59,Nicaragua,1842,
59,Nicaragua,1843,
59,Nicaragua,1844,
59,Nicaragua,1845,
59,Nicaragua,1846,
59,Nicaragua,1847,
59,Nicaragua,1848,
59,Nicaragua,1849,
59,Nicaragua,1850,
59,Nicaragua,1851,
59,Nicaragua,1852,
59,Nicaragua,1853,
59,Nicaragua,1854,
59,Nicaragua,1855,
59,Nicaragua,1856,
59,Nicaragua,1857,
59,Nicaragua,1858,
59,Nicaragua,1859,
59,Nicaragua,1860,
59,Nicaragua,1861,
59,Nicaragua,1862,
59,Nicaragua,1863,
59,Nicaragua,1864,
59,Nicaragua,1865,
59,Nicaragua,1866,
59,Nicaragua,1867,
59,Nicaragua,1868,
59,Nicaragua,1869,
59,Nicaragua,1870,
59,Nicaragua,1871,
59,Nicaragua,1872,
59,Nicaragua,1873,
59,Nicaragua,1874,
59,Nicaragua,1875,
59,Nicaragua,1876,
59,Nicaragua,1877,
59,Nicaragua,1878,
59,Nicaragua,1879,
59,Nicaragua,1880,
59,Nicaragua,1881,
59,Nicaragua,1882,
59,Nicaragua,1883,
59,Nicaragua,1884,
59,Nicaragua,1885,
59,Nicaragua,1886,
59,Nicaragua,1887,
59,Nicaragua,1888,
59,Nicaragua,1889,
59,Nicaragua,1890,
59,Nicaragua,1891,
59,Nicaragua,1892,
59,Nicaragua,1893,
59,Nicaragua,1894,
59,Nicaragua,1895,
59,Nicaragua,1896,
59,Nicaragua,1897,
59,Nicaragua,1898,
59,Nicaragua,1899,
59,Nicaragua,1900,
59,Nicaragua,1901,0.11
59,Nicaragua,1902,0.105
59,Nicaragua,1903,0.105
59,Nicaragua,1904,0.105
59,Nicaragua,1905,0.106
59,Nicaragua,1906,0.107
59,Nicaragua,1907,0.099
59,Nicaragua,1908,0.099
59,Nicaragua,1909,0.099
59,Nicaragua,1910,0.103
59,Nicaragua,1911,0.098
59,Nicaragua,1912,0.098
59,Nicaragua,1913,0.128
59,Nicaragua,1914,0.13
59,Nicaragua,1915,0.159
59,Nicaragua,1916,0.159
59,Nicaragua,1917,0.157
59,Nicaragua,1918,0.157
59,Nicaragua,1919,0.157
59,Nicaragua,1920,0.158
59,Nicaragua,1921,0.159
59,Nicaragua,1922,0.159
59,Nicaragua,1923,0.16
59,Nicaragua,1924,0.164
59,Nicaragua,1925,0.165
59,Nicaragua,1926,0.109
59,Nicaragua,1927,0.098
59,Nicaragua,1928,0.095
59,Nicaragua,1929,0.105
59,Nicaragua,1930,0.105
59,Nicaragua,1931,0.104
59,Nicaragua,1932,0.104
59,Nicaragua,1933,0.094
59,Nicaragua,1934,0.153
59,Nicaragua,1935,0.149
59,Nicaragua,1936,0.147
59,Nicaragua,1937,0.139
59,Nicaragua,1938,0.139
59,Nicaragua,1939,0.139
59,Nicaragua,1940,0.139
59,Nicaragua,1941,0.139
59,Nicaragua,1942,0.139
59,Nicaragua,1943,0.139
59,Nicaragua,1944,0.139
59,Nicaragua,1945,0.139
59,Nicaragua,1946,0.139
59,Nicaragua,1947,0.126
59,Nicaragua,1948,0.136
59,Nicaragua,1949,0.135
59,Nicaragua,1950,0.138
59,Nicaragua,1951,0.14
59,Nicaragua,1952,0.14
59,Nicaragua,1953,0.14
59,Nicaragua,1954,0.14
59,Nicaragua,1955,0.139
59,Nicaragua,1956,0.17
59,Nicaragua,1957,0.17
59,Nicaragua,1958,0.17
59,Nicaragua,1959,0.168
59,Nicaragua,1960,0.171
59,Nicaragua,1961,0.171
59,Nicaragua,1962,0.172
59,Nicaragua,1963,0.172
59,Nicaragua,1964,0.172
59,Nicaragua,1965,0.172
59,Nicaragua,1966,0.172
59,Nicaragua,1967,0.174
59,Nicaragua,1968,0.174
59,Nicaragua,1969,0.174
59,Nicaragua,1970,0.174
59,Nicaragua,1971,0.174
59,Nicaragua,1972,0.159
59,Nicaragua,1973,0.169
59,Nicaragua,1974,0.171
59,Nicaragua,1975,0.174
59,Nicaragua,1976,0.174
59,Nicaragua,1977,0.172
59,Nicaragua,1978,0.172
59,Nicaragua,1979,0.144
59,Nicaragua,1980,0.18
59,Nicaragua,1981,0.184
59,Nicaragua,1982,0.171
59,Nicaragua,1983,0.179
59,Nicaragua,1984,0.196
59,Nicaragua,1985,0.368
59,Nicaragua,1986,0.369
59,Nicaragua,1987,0.37
59,Nicaragua,1988,0.394
59,Nicaragua,1989,0.411
59,Nicaragua,1990,0.627
59,Nicaragua,1991,0.697
59,Nicaragua,1992,0.697
59,Nicaragua,1993,0.7
59,Nicaragua,1994,0.703
59,Nicaragua,1995,0.703
59,Nicaragua,1996,0.691
59,Nicaragua,1997,0.648
59,Nicaragua,1998,0.648
59,Nicaragua,1999,0.606
59,Nicaragua,2000,0.604
59,Nicaragua,2001,0.607
59,Nicaragua,2002,0.63
59,Nicaragua,2003,0.625
59,Nicaragua,2004,0.625
59,Nicaragua,2005,0.625
59,Nicaragua,2006,0.605
59,Nicaragua,2007,0.492
59,Nicaragua,2008,0.468
59,Nicaragua,2009,0.469
59,Nicaragua,2010,0.466
59,Nicaragua,2011,0.456
59,Nicaragua,2012,0.391
59,Nicaragua,2013,0.344
59,Nicaragua,2014,0.339
59,Nicaragua,2015,0.338
59,Nicaragua,2016,0.334
59,Nicaragua,2017,0.297
59,Nicaragua,2018,0.241
59,Nicaragua,2019,0.235
59,Nicaragua,2020,0.251
72,Chile,1789,0.023
72,Chile,1790,0.025
72,Chile,1791,0.023
72,Chile,1792,0.023
72,Chile,1793,0.023
72,Chile,1794,0.023
72,Chile,1795,0.023
72,Chile,1796,0.023
72,Chile,1797,0.023
72,Chile,1798,0.023
72,Chile,1799,0.023
72,Chile,1800,0.023
72,Chile,1801,0.023
72,Chile,1802,0.023
72,Chile,1803,0.023
72,Chile,1804,0.023
72,Chile,1805,0.023
72,Chile,1806,0.023
72,Chile,1807,0.023
72,Chile,1808,0.023
72,Chile,1809,0.023
72,Chile,1810,0.035
72,Chile,1811,0.083
72,Chile,1812,0.101
72,Chile,1813,0.101
72,Chile,1814,0.06
72,Chile,1815,0.05
72,Chile,1816,0.05
72,Chile,1817,0.05
72,Chile,1818,0.05
72,Chile,1819,
72,Chile,1820,
72,Chile,1821,
72,Chile,1822,0.074
72,Chile,1823,0.184
72,Chile,1824,0.228
72,Chile,1825,0.228
72,Chile,1826,0.251
72,Chile,1827,0.253
72,Chile,1828,0.237
72,Chile,1829,0.236
72,Chile,1830,0.134
72,Chile,1831,0.153
72,Chile,1832,0.161
72,Chile,1833,0.176
72,Chile,1834,0.168
72,Chile,1835,0.168
72,Chile,1836,0.166
72,Chile,1837,0.166
72,Chile,1838,0.171
72,Chile,1839,0.171
72,Chile,1840,0.172
72,Chile,1841,0.171
72,Chile,1842,0.192
72,Chile,1843,0.185
72,Chile,1844,0.185
72,Chile,1845,0.185
72,Chile,1846,0.197
72,Chile,1847,0.197
72,Chile,1848,0.197
72,Chile,1849,0.201
72,Chile,1850,0.226
72,Chile,1851,0.224
72,Chile,1852,0.22
72,Chile,1853,0.22
72,Chile,1854,0.22
72,Chile,1855,0.22
72,Chile,1856,0.22
72,Chile,1857,0.22
72,Chile,1858,0.224
72,Chile,1859,0.224
72,Chile,1860,0.224
72,Chile,1861,0.225
72,Chile,1862,0.238
72,Chile,1863,0.238
72,Chile,1864,0.238
72,Chile,1865,0.238
72,Chile,1866,0.242
72,Chile,1867,0.242
72,Chile,1868,0.242
72,Chile,1869,0.242
72,Chile,1870,0.246
72,Chile,1871,0.245
72,Chile,1872,0.245
72,Chile,1873,0.245
72,Chile,1874,0.248
72,Chile,1875,0.254
72,Chile,1876,0.255
72,Chile,1877,0.255
72,Chile,1878,0.255
72,Chile,1879,0.268
72,Chile,1880,0.268
72,Chile,1881,0.268
72,Chile,1882,0.268
72,Chile,1883,0.268
72,Chile,1884,0.268
72,Chile,1885,0.267
72,Chile,1886,0.267
72,Chile,1887,0.267
72,Chile,1888,0.268
72,Chile,1889,0.268
72,Chile,1890,0.268
72,Chile,1891,0.264
72,Chile,1892,0.264
72,Chile,1893,0.27
72,Chile,1894,0.277
72,Chile,1895,0.277
72,Chile,1896,0.277
72,Chile,1897,0.277
72,Chile,1898,0.277
72,Chile,1899,0.277
72,Chile,1900,0.273
72,Chile,1901,0.275
72,Chile,1902,0.278
72,Chile,1903,0.274
72,Chile,1904,0.273
72,Chile,1905,0.275
72,Chile,1906,0.276
72,Chile,1907,0.278
72,Chile,1908,0.278
72,Chile,1909,0.275
72,Chile,1910,0.279
72,Chile,1911,0.28
72,Chile,1912,0.282
72,Chile,1913,0.283
72,Chile,1914,0.283
72,Chile,1915,0.282
72,Chile,1916,0.284
72,Chile,1917,0.284
72,Chile,1918,0.283
72,Chile,1919,0.283
72,Chile,1920,0.282
72,Chile,1921,0.286
72,Chile,1922,0.288
72,Chile,1923,0.288
72,Chile,1924,0.246
72,Chile,1925,0.169
72,Chile,1926,0.173
72,Chile,1927,0.171
72,Chile,1928,0.129
72,Chile,1929,0.128
72,Chile,1930,0.193
72,Chile,1931,0.154
72,Chile,1932,0.269
72,Chile,1933,0.348
72,Chile,1934,0.348
72,Chile,1935,0.351
72,Chile,1936,0.351
72,Chile,1937,0.366
72,Chile,1938,0.363
72,Chile,1939,0.369
72,Chile,1940,0.368
72,Chile,1941,0.374
72,Chile,1942,0.37
72,Chile,1943,0.374
72,Chile,1944,0.375
72,Chile,1945,0.378
72,Chile,1946,0.371
72,Chile,1947,0.369
72,Chile,1948,0.364
72,Chile,1949,0.349
72,Chile,1950,0.425
72,Chile,1951,0.425
72,Chile,1952,0.422
72,Chile,1953,0.425
72,Chile,1954,0.426
72,Chile,1955,0.426
72,Chile,1956,0.426
72,Chile,1957,0.428
72,Chile,1958,0.449
72,Chile,1959,0.526
72,Chile,1960,0.549
72,Chile,1961,0.555
72,Chile,1962,0.556
72,Chile,1963,0.568
72,Chile,1964,0.586
72,Chile,1965,0.603
72,Chile,1966,0.603
72,Chile,1967,0.603
72,Chile,1968,0.603
72,Chile,1969,0.6
72,Chile,1970,0.611
72,Chile,1971,0.721
72,Chile,1972,0.704
72,Chile,1973,0.315
72,Chile,1974,0.072
72,Chile,1975,0.072
72,Chile,1976,0.072
72,Chile,1977,0.072
72,Chile,1978,0.072
72,Chile,1979,0.074
72,Chile,1980,0.075
72,Chile,1981,0.075
72,Chile,1982,0.076
72,Chile,1983,0.076
72,Chile,1984,0.076
72,Chile,1985,0.077
72,Chile,1986,0.078
72,Chile,1987,0.082
72,Chile,1988,0.114
72,Chile,1989,0.125
72,Chile,1990,0.731
72,Chile,1991,0.828
72,Chile,1992,0.828
72,Chile,1993,0.825
72,Chile,1994,0.86
72,Chile,1995,0.86
72,Chile,1996,0.86
72,Chile,1997,0.86
72,Chile,1998,0.86
72,Chile,1999,0.854
72,Chile,2000,0.879
72,Chile,2001,0.879
72,Chile,2002,0.877
72,Chile,2003,0.877
72,Chile,2004,0.877
72,Chile,2005,0.875
72,Chile,2006,0.889
72,Chile,2007,0.889
72,Chile,2008,0.889
72,Chile,2009,0.886
72,Chile,2010,0.886
72,Chile,2011,0.888
72,Chile,2012,0.891
72,Chile,2013,0.891
72,Chile,2014,0.887
72,Chile,2015,0.88
72,Chile,2016,0.882
72,Chile,2017,0.887
72,Chile,2018,0.863
72,Chile,2019,0.813
72,Chile,2020,0.814
73,Costa Rica,1838,0.201
73,Costa Rica,1839,0.201
73,Costa Rica,1840,0.201
73,Costa Rica,1841,0.201
73,Costa Rica,1842,0.219
73,Costa Rica,1843,0.286
73,Costa Rica,1844,0.269
73,Costa Rica,1845,0.209
73,Costa Rica,1846,0.205
73,Costa Rica,1847,0.187
73,Costa Rica,1848,0.198
73,Costa Rica,1849,0.193
73,Costa Rica,1850,0.193
73,Costa Rica,1851,0.193
73,Costa Rica,1852,0.193
73,Costa Rica,1853,0.193
73,Costa Rica,1854,0.193
73,Costa Rica,1855,0.193
73,Costa Rica,1856,0.193
73,Costa Rica,1857,0.193
73,Costa Rica,1858,0.193
73,Costa Rica,1859,0.192
73,Costa Rica,1860,0.21
73,Costa Rica,1861,0.21
73,Costa Rica,1862,0.21
73,Costa Rica,1863,0.21
73,Costa Rica,1864,0.21
73,Costa Rica,1865,0.21
73,Costa Rica,1866,0.21
73,Costa Rica,1867,0.21
73,Costa Rica,1868,0.202
73,Costa Rica,1869,0.21
73,Costa Rica,1870,0.185
73,Costa Rica,1871,0.192
73,Costa Rica,1872,0.264
73,Costa Rica,1873,0.264
73,Costa Rica,1874,0.264
73,Costa Rica,1875,0.264
73,Costa Rica,1876,0.218
73,Costa Rica,1877,0.168
73,Costa Rica,1878,0.202
73,Costa Rica,1879,0.202
73,Costa Rica,1880,0.266
73,Costa Rica,1881,0.245
73,Costa Rica,1882,0.295
73,Costa Rica,1883,0.311
73,Costa Rica,1884,0.311
73,Costa Rica,1885,0.292
73,Costa Rica,1886,0.311
73,Costa Rica,1887,0.311
73,Costa Rica,1888,0.311
73,Costa Rica,1889,0.307
73,Costa Rica,1890,0.301
73,Costa Rica,1891,0.309
73,Costa Rica,1892,0.305
73,Costa Rica,1893,0.305
73,Costa Rica,1894,0.291
73,Costa Rica,1895,0.279
73,Costa Rica,1896,0.293
73,Costa Rica,1897,0.293
73,Costa Rica,1898,0.29
73,Costa Rica,1899,0.29
73,Costa Rica,1900,0.258
73,Costa Rica,1901,0.258
73,Costa Rica,1902,0.263
73,Costa Rica,1903,0.263
73,Costa Rica,1904,0.263
73,Costa Rica,1905,0.263
73,Costa Rica,1906,0.263
73,Costa Rica,1907,0.263
73,Costa Rica,1908,0.263
73,Costa Rica,1909,0.267
73,Costa Rica,1910,0.275
73,Costa Rica,1911,0.275
73,Costa Rica,1912,0.275
73,Costa Rica,1913,0.32
73,Costa Rica,1914,0.322
73,Costa Rica,1915,0.322
73,Costa Rica,1916,0.322
73,Costa Rica,1917,0.191
73,Costa Rica,1918,0.197
73,Costa Rica,1919,0.217
73,Costa Rica,1920,0.285
73,Costa Rica,1921,0.317
73,Costa Rica,1922,0.317
73,Costa Rica,1923,0.317
73,Costa Rica,1924,0.323
73,Costa Rica,1925,0.323
73,Costa Rica,1926,0.323
73,Costa Rica,1927,0.323
73,Costa Rica,1928,0.326
73,Costa Rica,1929,0.323
73,Costa Rica,1930,0.325
73,Costa Rica,1931,0.325
73,Costa Rica,1932,0.324
73,Costa Rica,1933,0.324
73,Costa Rica,1934,0.324
73,Costa Rica,1935,0.324
73,Costa Rica,1936,0.321
73,Costa Rica,1937,0.319
73,Costa Rica,1938,0.319
73,Costa Rica,1939,0.319
73,Costa Rica,1940,0.321
73,Costa Rica,1941,0.319
73,Costa Rica,1942,0.319
73,Costa Rica,1943,0.318
73,Costa Rica,1944,0.322
73,Costa Rica,1945,0.321
73,Costa Rica,1946,0.323
73,Costa Rica,1947,0.323
73,Costa Rica,1948,0.224
73,Costa Rica,1949,0.258
73,Costa Rica,1950,0.573
73,Costa Rica,1951,0.594
73,Costa Rica,1952,0.595
73,Costa Rica,1953,0.655
73,Costa Rica,1954,0.73
73,Costa Rica,1955,0.73
73,Costa Rica,1956,0.73
73,Costa Rica,1957,0.73
73,Costa Rica,1958,0.727
73,Costa Rica,1959,0.735
73,Costa Rica,1960,0.725
73,Costa Rica,1961,0.725
73,Costa Rica,1962,0.733
73,Costa Rica,1963,0.733
73,Costa Rica,1964,0.733
73,Costa Rica,1965,0.733
73,Costa Rica,1966,0.737
73,Costa Rica,1967,0.737
73,Costa Rica,1968,0.737
73,Costa Rica,1969,0.737
73,Costa Rica,1970,0.738
73,Costa Rica,1971,0.749
73,Costa Rica,1972,0.749
73,Costa Rica,1973,0.749
73,Costa Rica,1974,0.748
73,Costa Rica,1975,0.806
73,Costa Rica,1976,0.816
73,Costa Rica,1977,0.818
73,Costa Rica,1978,0.829
73,Costa Rica,1979,0.833
73,Costa Rica,1980,0.852
73,Costa Rica,1981,0.852
73,Costa Rica,1982,0.869
73,Costa Rica,1983,0.869
73,Costa Rica,1984,0.869
73,Costa Rica,1985,0.869
73,Costa Rica,1986,0.872
73,Costa Rica,1987,0.873
73,Costa Rica,1988,0.88
73,Costa Rica,1989,0.88
73,Costa Rica,1990,0.895
73,Costa Rica,1991,0.897
73,Costa Rica,1992,0.897
73,Costa Rica,1993,0.897
73,Costa Rica,1994,0.898
73,Costa Rica,1995,0.898
73,Costa Rica,1996,0.898
73,Costa Rica,1997,0.898
73,Costa Rica,1998,0.897
73,Costa Rica,1999,0.897
73,Costa Rica,2000,0.897
73,Costa Rica,2001,0.897
73,Costa Rica,2002,0.903
73,Costa Rica,2003,0.904
73,Costa Rica,2004,0.9
73,Costa Rica,2005,0.9
73,Costa Rica,2006,0.907
73,Costa Rica,2007,0.909
73,Costa Rica,2008,0.909
73,Costa Rica,2009,0.909
73,Costa Rica,2010,0.912
73,Costa Rica,2011,0.912
73,Costa Rica,2012,0.911
73,Costa Rica,2013,0.912
73,Costa Rica,2014,0.909
73,Costa Rica,2015,0.909
73,Costa Rica,2016,0.907
73,Costa Rica,2017,0.899
73,Costa Rica,2018,0.895
73,Costa Rica,2019,0.899
73,Costa Rica,2020,0.899
75,Ecuador,1830,0.057
75,Ecuador,1831,0.057
75,Ecuador,1832,0.057
75,Ecuador,1833,0.054
75,Ecuador,1834,0.063
75,Ecuador,1835,0.086
75,Ecuador,1836,0.086
75,Ecuador,1837,0.086
75,Ecuador,1838,0.086
75,Ecuador,1839,0.086
75,Ecuador,1840,0.086
75,Ecuador,1841,0.077
75,Ecuador,1842,0.077
75,Ecuador,1843,0.077
75,Ecuador,1844,0.077
75,Ecuador,1845,0.101
75,Ecuador,1846,0.125
75,Ecuador,1847,0.125
75,Ecuador,1848,0.125
75,Ecuador,1849,0.125
75,Ecuador,1850,0.118
75,Ecuador,1851,0.099
75,Ecuador,1852,0.082
75,Ecuador,1853,0.113
75,Ecuador,1854,0.113
75,Ecuador,1855,0.113
75,Ecuador,1856,0.13
75,Ecuador,1857,0.182
75,Ecuador,1858,0.182
75,Ecuador,1859,0.154
75,Ecuador,1860,0.056
75,Ecuador,1861,0.097
75,Ecuador,1862,0.097
75,Ecuador,1863,0.1
75,Ecuador,1864,0.1
75,Ecuador,1865,0.102
75,Ecuador,1866,0.163
75,Ecuador,1867,0.163
75,Ecuador,1868,0.159
75,Ecuador,1869,0.118
75,Ecuador,1870,0.118
75,Ecuador,1871,0.118
75,Ecuador,1872,0.118
75,Ecuador,1873,0.118
75,Ecuador,1874,0.118
75,Ecuador,1875,0.131
75,Ecuador,1876,0.138
75,Ecuador,1877,0.064
75,Ecuador,1878,0.127
75,Ecuador,1879,0.127
75,Ecuador,1880,0.127
75,Ecuador,1881,0.127
75,Ecuador,1882,0.127
75,Ecuador,1883,0.129
75,Ecuador,1884,0.125
75,Ecuador,1885,0.132
75,Ecuador,1886,0.126
75,Ecuador,1887,0.136
75,Ecuador,1888,0.191
75,Ecuador,1889,0.223
75,Ecuador,1890,0.231
75,Ecuador,1891,0.231
75,Ecuador,1892,0.24
75,Ecuador,1893,0.241
75,Ecuador,1894,0.241
75,Ecuador,1895,0.163
75,Ecuador,1896,0.208
75,Ecuador,1897,0.282
75,Ecuador,1898,0.282
75,Ecuador,1899,0.282
75,Ecuador,1900,0.296
75,Ecuador,1901,0.289
75,Ecuador,1902,0.276
75,Ecuador,1903,0.276
75,Ecuador,1904,0.276
75,Ecuador,1905,0.271
75,Ecuador,1906,0.166
75,Ecuador,1907,0.154
75,Ecuador,1908,0.154
75,Ecuador,1909,0.154
75,Ecuador,1910,0.161
75,Ecuador,1911,0.216
75,Ecuador,1912,0.266
75,Ecuador,1913,0.268
75,Ecuador,1914,0.268
75,Ecuador,1915,0.268
75,Ecuador,1916,0.264
75,Ecuador,1917,0.269
75,Ecuador,1918,0.257
75,Ecuador,1919,0.257
75,Ecuador,1920,0.261
75,Ecuador,1921,0.26
75,Ecuador,1922,0.257
75,Ecuador,1923,0.258
75,Ecuador,1924,0.256
75,Ecuador,1925,0.204
75,Ecuador,1926,0.199
75,Ecuador,1927,0.214
75,Ecuador,1928,0.218
75,Ecuador,1929,0.262
75,Ecuador,1930,0.285
75,Ecuador,1931,0.28
75,Ecuador,1932,0.269
75,Ecuador,1933,0.264
75,Ecuador,1934,0.268
75,Ecuador,1935,0.228
75,Ecuador,1936,0.15
75,Ecuador,1937,0.149
75,Ecuador,1938,0.207
75,Ecuador,1939,0.251
75,Ecuador,1940,0.242
75,Ecuador,1941,0.24
75,Ecuador,1942,0.24
75,Ecuador,1943,0.24
75,Ecuador,1944,0.194
75,Ecuador,1945,0.166
75,Ecuador,1946,0.159
75,Ecuador,1947,0.233
75,Ecuador,1948,0.35
75,Ecuador,1949,0.371
75,Ecuador,1950,0.381
75,Ecuador,1951,0.381
75,Ecuador,1952,0.361
75,Ecuador,1953,0.353
75,Ecuador,1954,0.358
75,Ecuador,1955,0.368
75,Ecuador,1956,0.368
75,Ecuador,1957,0.378
75,Ecuador,1958,0.382
75,Ecuador,1959,0.385
75,Ecuador,1960,0.364
75,Ecuador,1961,0.359
75,Ecuador,1962,0.369
75,Ecuador,1963,0.216
75,Ecuador,1964,0.132
75,Ecuador,1965,0.135
75,Ecuador,1966,0.141
75,Ecuador,1967,0.166
75,Ecuador,1968,0.277
75,Ecuador,1969,0.381
75,Ecuador,1970,0.296
75,Ecuador,1971,0.207
75,Ecuador,1972,0.171
75,Ecuador,1973,0.143
75,Ecuador,1974,0.143
75,Ecuador,1975,0.143
75,Ecuador,1976,0.143
75,Ecuador,1977,0.146
75,Ecuador,1978,0.199
75,Ecuador,1979,0.397
75,Ecuador,1980,0.718
75,Ecuador,1981,0.718
75,Ecuador,1982,0.718
75,Ecuador,1983,0.714
75,Ecuador,1984,0.711
75,Ecuador,1985,0.698
75,Ecuador,1986,0.703
75,Ecuador,1987,0.706
75,Ecuador,1988,0.722
75,Ecuador,1989,0.734
75,Ecuador,1990,0.734
75,Ecuador,1991,0.735
75,Ecuador,1992,0.732
75,Ecuador,1993,0.731
75,Ecuador,1994,0.726
75,Ecuador,1995,0.728
75,Ecuador,1996,0.724
75,Ecuador,1997,0.721
75,Ecuador,1998,0.719
75,Ecuador,1999,0.718
75,Ecuador,2000,0.719
75,Ecuador,2001,0.719
75,Ecuador,2002,0.719
75,Ecuador,2003,0.726
75,Ecuador,2004,0.726
75,Ecuador,2005,0.726
75,Ecuador,2006,0.733
75,Ecuador,2007,0.697
75,Ecuador,2008,0.671
75,Ecuador,2009,0.636
75,Ecuador,2010,0.598
75,Ecuador,2011,0.59
75,Ecuador,2012,0.599
75,Ecuador,2013,0.563
75,Ecuador,2014,0.564
75,Ecuador,2015,0.556
75,Ecuador,2016,0.569
75,Ecuador,2017,0.582
75,Ecuador,2018,0.674
75,Ecuador,2019,0.649
75,Ecuador,2020,0.638
78,Guatemala,1789,0.029
78,Guatemala,1790,0.029
78,Guatemala,1791,0.029
78,Guatemala,1792,0.029
78,Guatemala,1793,0.029
78,Guatemala,1794,0.029
78,Guatemala,1795,0.029
78,Guatemala,1796,0.029
78,Guatemala,1797,0.029
78,Guatemala,1798,0.029
78,Guatemala,1799,0.029
78,Guatemala,1800,0.029
78,Guatemala,1801,0.029
78,Guatemala,1802,0.029
78,Guatemala,1803,0.029
78,Guatemala,1804,0.029
78,Guatemala,1805,0.029
78,Guatemala,1806,0.029
78,Guatemala,1807,0.029
78,Guatemala,1808,0.029
78,Guatemala,1809,0.029
78,Guatemala,1810,0.027
78,Guatemala,1811,0.029
78,Guatemala,1812,0.029
78,Guatemala,1813,0.029
78,Guatemala,1814,0.029
78,Guatemala,1815,0.029
78,Guatemala,1816,0.029
78,Guatemala,1817,0.029
78,Guatemala,1818,0.029
78,Guatemala,1819,0.029
78,Guatemala,1820,0.029
78,Guatemala,1821,0.031
78,Guatemala,1822,
78,Guatemala,1823,0.09
78,Guatemala,1824,0.09
78,Guatemala,1825,0.121
78,Guatemala,1826,0.121
78,Guatemala,1827,0.121
78,Guatemala,1828,0.121
78,Guatemala,1829,0.129
78,Guatemala,1830,0.132
78,Guatemala,1831,0.121
78,Guatemala,1832,0.121
78,Guatemala,1833,0.121
78,Guatemala,1834,0.112
78,Guatemala,1835,0.131
78,Guatemala,1836,0.137
78,Guatemala,1837,0.137
78,Guatemala,1838,0.09
78,Guatemala,1839,0.059
78,Guatemala,1840,0.059
78,Guatemala,1841,0.061
78,Guatemala,1842,0.09
78,Guatemala,1843,0.09
78,Guatemala,1844,0.074
78,Guatemala,1845,0.074
78,Guatemala,1846,0.074
78,Guatemala,1847,0.074
78,Guatemala,1848,0.074
78,Guatemala,1849,
78,Guatemala,1850,
78,Guatemala,1851,
78,Guatemala,1852,0.106
78,Guatemala,1853,0.106
78,Guatemala,1854,0.106
78,Guatemala,1855,0.109
78,Guatemala,1856,0.109
78,Guatemala,1857,0.109
78,Guatemala,1858,0.109
78,Guatemala,1859,0.109
78,Guatemala,1860,0.109
78,Guatemala,1861,0.109
78,Guatemala,1862,0.109
78,Guatemala,1863,0.109
78,Guatemala,1864,0.109
78,Guatemala,1865,0.113
78,Guatemala,1866,0.113
78,Guatemala,1867,0.113
78,Guatemala,1868,0.113
78,Guatemala,1869,0.118
78,Guatemala,1870,0.117
78,Guatemala,1871,0.085
78,Guatemala,1872,0.045
78,Guatemala,1873,0.082
78,Guatemala,1874,0.108
78,Guatemala,1875,0.108
78,Guatemala,1876,0.109
78,Guatemala,1877,0.111
78,Guatemala,1878,0.111
78,Guatemala,1879,0.11
78,Guatemala,1880,0.109
78,Guatemala,1881,0.108
78,Guatemala,1882,0.108
78,Guatemala,1883,0.108
78,Guatemala,1884,0.108
78,Guatemala,1885,0.099
78,Guatemala,1886,0.113
78,Guatemala,1887,0.114
78,Guatemala,1888,0.114
78,Guatemala,1889,0.111
78,Guatemala,1890,0.117
78,Guatemala,1891,0.158
78,Guatemala,1892,0.167
78,Guatemala,1893,0.167
78,Guatemala,1894,0.167
78,Guatemala,1895,0.167
78,Guatemala,1896,0.168
78,Guatemala,1897,0.156
78,Guatemala,1898,0.088
78,Guatemala,1899,0.095
78,Guatemala,1900,0.096
78,Guatemala,1901,0.096
78,Guatemala,1902,0.096
78,Guatemala,1903,0.096
78,Guatemala,1904,0.094
78,Guatemala,1905,0.092
78,Guatemala,1906,0.092
78,Guatemala,1907,0.093
78,Guatemala,1908,0.093
78,Guatemala,1909,0.093
78,Guatemala,1910,0.096
78,Guatemala,1911,0.096
78,Guatemala,1912,0.096
78,Guatemala,1913,0.096
78,Guatemala,1914,0.096
78,Guatemala,1915,0.096
78,Guatemala,1916,0.097
78,Guatemala,1917,0.096
78,Guatemala,1918,0.096
78,Guatemala,1919,0.096
78,Guatemala,1920,0.103
78,Guatemala,1921,0.109
78,Guatemala,1922,0.075
78,Guatemala,1923,0.082
78,Guatemala,1924,0.136
78,Guatemala,1925,0.136
78,Guatemala,1926,0.138
78,Guatemala,1927,0.112
78,Guatemala,1928,0.138
78,Guatemala,1929,0.138
78,Guatemala,1930,0.137
78,Guatemala,1931,0.106
78,Guatemala,1932,0.102
78,Guatemala,1933,0.102
78,Guatemala,1934,0.102
78,Guatemala,1935,0.1
78,Guatemala,1936,0.099
78,Guatemala,1937,0.096
78,Guatemala,1938,0.096
78,Guatemala,1939,0.096
78,Guatemala,1940,0.099
78,Guatemala,1941,0.099
78,Guatemala,1942,0.099
78,Guatemala,1943,0.099
78,Guatemala,1944,0.134
78,Guatemala,1945,0.274
78,Guatemala,1946,0.366
78,Guatemala,1947,0.396
78,Guatemala,1948,0.397
78,Guatemala,1949,0.389
78,Guatemala,1950,0.39
78,Guatemala,1951,0.391
78,Guatemala,1952,0.387
78,Guatemala,1953,0.379
78,Guatemala,1954,0.267
78,Guatemala,1955,0.117
78,Guatemala,1956,0.087
78,Guatemala,1957,0.099
78,Guatemala,1958,0.152
78,Guatemala,1959,0.155
78,Guatemala,1960,0.155
78,Guatemala,1961,0.158
78,Guatemala,1962,0.157
78,Guatemala,1963,0.104
78,Guatemala,1964,0.09
78,Guatemala,1965,0.083
78,Guatemala,1966,0.128
78,Guatemala,1967,0.186
78,Guatemala,1968,0.186
78,Guatemala,1969,0.186
78,Guatemala,1970,0.179
78,Guatemala,1971,0.173
78,Guatemala,1972,0.173
78,Guatemala,1973,0.174
78,Guatemala,1974,0.175
78,Guatemala,1975,0.175
78,Guatemala,1976,0.173
78,Guatemala,1977,0.171
78,Guatemala,1978,0.166
78,Guatemala,1979,0.164
78,Guatemala,1980,0.164
78,Guatemala,1981,0.164
78,Guatemala,1982,0.11
78,Guatemala,1983,0.094
78,Guatemala,1984,0.118
78,Guatemala,1985,0.143
78,Guatemala,1986,0.349
78,Guatemala,1987,0.376
78,Guatemala,1988,0.376
78,Guatemala,1989,0.376
78,Guatemala,1990,0.378
78,Guatemala,1991,0.391
78,Guatemala,1992,0.391
78,Guatemala,1993,0.393
78,Guatemala,1994,0.407
78,Guatemala,1995,0.413
78,Guatemala,1996,0.445
78,Guatemala,1997,0.504
78,Guatemala,1998,0.504
78,Guatemala,1999,0.506
78,Guatemala,2000,0.554
78,Guatemala,2001,0.554
78,Guatemala,2002,0.554
78,Guatemala,2003,0.558
78,Guatemala,2004,0.579
78,Guatemala,2005,0.579
78,Guatemala,2006,0.579
78,Guatemala,2007,0.584
78,Guatemala,2008,0.588
78,Guatemala,2009,0.583
78,Guatemala,2010,0.591
78,Guatemala,2011,0.587
78,Guatemala,2012,0.574
78,Guatemala,2013,0.581
78,Guatemala,2014,0.579
78,Guatemala,2015,0.595
78,Guatemala,2016,0.633
78,Guatemala,2017,0.626
78,Guatemala,2018,0.6
78,Guatemala,2019,0.586
78,Guatemala,2020,0.58
92,Panama,1903,0.178
92,Panama,1904,0.295
92,Panama,1905,0.306
92,Panama,1906,0.301
92,Panama,1907,0.296
92,Panama,1908,0.298
92,Panama,1909,0.299
92,Panama,1910,0.301
92,Panama,1911,0.302
92,Panama,1912,0.3
92,Panama,1913,0.296
92,Panama,1914,0.298
92,Panama,1915,0.3
92,Panama,1916,0.3
92,Panama,1917,0.301
92,Panama,1918,0.301
92,Panama,1919,0.302
92,Panama,1920,0.304
92,Panama,1921,0.306
92,Panama,1922,0.306
92,Panama,1923,0.306
92,Panama,1924,0.305
92,Panama,1925,0.304
92,Panama,1926,0.304
92,Panama,1927,0.304
92,Panama,1928,0.312
92,Panama,1929,0.321
92,Panama,1930,0.323
92,Panama,1931,0.316
92,Panama,1932,0.308
92,Panama,1933,0.302
92,Panama,1934,0.302
92,Panama,1935,0.302
92,Panama,1936,0.31
92,Panama,1937,0.317
92,Panama,1938,0.317
92,Panama,1939,0.317
92,Panama,1940,0.318
92,Panama,1941,0.312
92,Panama,1942,0.316
92,Panama,1943,0.316
92,Panama,1944,0.316
92,Panama,1945,0.311
92,Panama,1946,0.217
92,Panama,1947,0.238
92,Panama,1948,0.308
92,Panama,1949,0.329
92,Panama,1950,0.329
92,Panama,1951,0.261
92,Panama,1952,0.268
92,Panama,1953,0.369
92,Panama,1954,0.369
92,Panama,1955,0.369
92,Panama,1956,0.375
92,Panama,1957,0.378
92,Panama,1958,0.378
92,Panama,1959,0.378
92,Panama,1960,0.393
92,Panama,1961,0.398
92,Panama,1962,0.398
92,Panama,1963,0.398
92,Panama,1964,0.354
92,Panama,1965,0.329
92,Panama,1966,0.327
92,Panama,1967,0.325
92,Panama,1968,0.137
92,Panama,1969,0.092
92,Panama,1970,0.09
92,Panama,1971,0.09
92,Panama,1972,0.095
92,Panama,1973,0.102
92,Panama,1974,0.102
92,Panama,1975,0.102
92,Panama,1976,0.102
92,Panama,1977,0.102
92,Panama,1978,0.105
92,Panama,1979,0.123
92,Panama,1980,0.126
92,Panama,1981,0.129
92,Panama,1982,0.124
92,Panama,1983,0.124
92,Panama,1984,0.13
92,Panama,1985,0.133
92,Panama,1986,0.133
92,Panama,1987,0.133
92,Panama,1988,0.133
92,Panama,1989,0.146
92,Panama,1990,0.31
92,Panama,1991,0.697
92,Panama,1992,0.713
92,Panama,1993,0.72
92,Panama,1994,0.725
92,Panama,1995,0.725
92,Panama,1996,0.725
92,Panama,1997,0.725
92,Panama,1998,0.718
92,Panama,1999,0.716
92,Panama,2000,0.758
92,Panama,2001,0.764
92,Panama,2002,0.764
92,Panama,2003,0.764
92,Panama,2004,0.765
92,Panama,2005,0.766
92,Panama,2006,0.766
92,Panama,2007,0.766
92,Panama,2008,0.766
92,Panama,2009,0.767
92,Panama,2010,0.771
92,Panama,2011,0.771
92,Panama,2012,0.771
92,Panama,2013,0.773
92,Panama,2014,0.767
92,Panama,2015,0.782
92,Panama,2016,0.782
92,Panama,2017,0.765
92,Panama,2018,0.756
92,Panama,2019,0.764
92,Panama,2020,0.749
102,Uruguay,1825,0.189
102,Uruguay,1826,0.189
102,Uruguay,1827,0.189
102,Uruguay,1828,0.192
102,Uruguay,1829,0.192
102,Uruguay,1830,0.239
102,Uruguay,1831,0.239
102,Uruguay,1832,0.239
102,Uruguay,1833,0.243
102,Uruguay,1834,0.267
102,Uruguay,1835,0.267
102,Uruguay,1836,0.267
102,Uruguay,1837,0.28
102,Uruguay,1838,0.28
102,Uruguay,1839,0.281
102,Uruguay,1840,0.251
102,Uruguay,1841,0.246
102,Uruguay,1842,0.242
102,Uruguay,1843,0.235
102,Uruguay,1844,0.24
102,Uruguay,1845,0.24
102,Uruguay,1846,0.247
102,Uruguay,1847,0.247
102,Uruguay,1848,0.247
102,Uruguay,1849,0.247
102,Uruguay,1850,0.247
102,Uruguay,1851,0.267
102,Uruguay,1852,0.277
102,Uruguay,1853,0.249
102,Uruguay,1854,0.247
102,Uruguay,1855,0.245
102,Uruguay,1856,0.253
102,Uruguay,1857,0.264
102,Uruguay,1858,0.265
102,Uruguay,1859,0.262
102,Uruguay,1860,0.28
102,Uruguay,1861,0.298
102,Uruguay,1862,0.298
102,Uruguay,1863,0.298
102,Uruguay,1864,0.298
102,Uruguay,1865,0.224
102,Uruguay,1866,0.217
102,Uruguay,1867,0.217
102,Uruguay,1868,0.283
102,Uruguay,1869,0.291
102,Uruguay,1870,0.284
102,Uruguay,1871,0.284
102,Uruguay,1872,0.287
102,Uruguay,1873,0.326
102,Uruguay,1874,0.326
102,Uruguay,1875,0.326
102,Uruguay,1876,0.215
102,Uruguay,1877,0.19
102,Uruguay,1878,0.189
102,Uruguay,1879,0.238
102,Uruguay,1880,0.255
102,Uruguay,1881,0.251
102,Uruguay,1882,0.275
102,Uruguay,1883,0.275
102,Uruguay,1884,0.292
102,Uruguay,1885,0.304
102,Uruguay,1886,0.309
102,Uruguay,1887,0.318
102,Uruguay,1888,0.316
102,Uruguay,1889,0.316
102,Uruguay,1890,0.315
102,Uruguay,1891,0.329
102,Uruguay,1892,0.329
102,Uruguay,1893,0.329
102,Uruguay,1894,0.328
102,Uruguay,1895,0.328
102,Uruguay,1896,0.29
102,Uruguay,1897,0.276
102,Uruguay,1898,0.304
102,Uruguay,1899,0.333
102,Uruguay,1900,0.341
102,Uruguay,1901,0.341
102,Uruguay,1902,0.338
102,Uruguay,1903,0.338
102,Uruguay,1904,0.323
102,Uruguay,1905,0.337
102,Uruguay,1906,0.349
102,Uruguay,1907,0.344
102,Uruguay,1908,0.307
102,Uruguay,1909,0.307
102,Uruguay,1910,0.317
102,Uruguay,1911,0.362
102,Uruguay,1912,0.372
102,Uruguay,1913,0.368
102,Uruguay,1914,0.328
102,Uruguay,1915,0.338
102,Uruguay,1916,0.374
102,Uruguay,1917,0.451
102,Uruguay,1918,0.466
102,Uruguay,1919,0.503
102,Uruguay,1920,0.512
102,Uruguay,1921,0.498
102,Uruguay,1922,0.501
102,Uruguay,1923,0.521
102,Uruguay,1924,0.543
102,Uruguay,1925,0.545
102,Uruguay,1926,0.57
102,Uruguay,1927,0.57
102,Uruguay,1928,0.57
102,Uruguay,1929,0.569
102,Uruguay,1930,0.569
102,Uruguay,1931,0.571
102,Uruguay,1932,0.571
102,Uruguay,1933,0.363
102,Uruguay,1934,0.29
102,Uruguay,1935,0.288
102,Uruguay,1936,0.299
102,Uruguay,1937,0.299
102,Uruguay,1938,0.404
102,Uruguay,1939,0.621
102,Uruguay,1940,0.621
102,Uruguay,1941,0.621
102,Uruguay,1942,0.641
102,Uruguay,1943,0.739
102,Uruguay,1944,0.741
102,Uruguay,1945,0.747
102,Uruguay,1946,0.759
102,Uruguay,1947,0.792
102,Uruguay,1948,0.792
102,Uruguay,1949,0.792
102,Uruguay,1950,0.793
102,Uruguay,1951,0.796
102,Uruguay,1952,0.796
102,Uruguay,1953,0.796
102,Uruguay,1954,0.796
102,Uruguay,1955,0.798
102,Uruguay,1956,0.803
102,Uruguay,1957,0.803
102,Uruguay,1958,0.803
102,Uruguay,1959,0.803
102,Uruguay,1960,0.803
102,Uruguay,1961,0.803
102,Uruguay,1962,0.802
102,Uruguay,1963,0.778
102,Uruguay,1964,0.77
102,Uruguay,1965,0.768
102,Uruguay,1966,0.772
102,Uruguay,1967,0.769
102,Uruguay,1968,0.632
102,Uruguay,1969,0.63
102,Uruguay,1970,0.605
102,Uruguay,1971,0.576
102,Uruguay,1972,0.505
102,Uruguay,1973,0.149
102,Uruguay,1974,0.101
102,Uruguay,1975,0.101
102,Uruguay,1976,0.094
102,Uruguay,1977,0.094
102,Uruguay,1978,0.094
102,Uruguay,1979,0.095
102,Uruguay,1980,0.104
102,Uruguay,1981,0.106
102,Uruguay,1982,0.112
102,Uruguay,1983,0.112
102,Uruguay,1984,0.128
102,Uruguay,1985,0.664
102,Uruguay,1986,0.823
102,Uruguay,1987,0.823
102,Uruguay,1988,0.823
102,Uruguay,1989,0.824
102,Uruguay,1990,0.843
102,Uruguay,1991,0.845
102,Uruguay,1992,0.845
102,Uruguay,1993,0.845
102,Uruguay,1994,0.845
102,Uruguay,1995,0.87
102,Uruguay,1996,0.87
102,Uruguay,1997,0.87
102,Uruguay,1998,0.881
102,Uruguay,1999,0.88
102,Uruguay,2000,0.877
102,Uruguay,2001,0.877
102,Uruguay,2002,0.877
102,Uruguay,2003,0.877
102,Uruguay,2004,0.877
102,Uruguay,2005,0.89
102,Uruguay,2006,0.89
102,Uruguay,2007,0.89
102,Uruguay,2008,0.89
102,Uruguay,2009,0.893
102,Uruguay,2010,0.909
102,Uruguay,2011,0.907
102,Uruguay,2012,0.907
102,Uruguay,2013,0.905
102,Uruguay,2014,0.904
102,Uruguay,2015,0.892
102,Uruguay,2016,0.892
102,Uruguay,2017,0.88
102,Uruguay,2018,0.892
102,Uruguay,2019,0.889
102,Uruguay,2020,0.865
114,Dominican Republic,1789,0.013
114,Dominican Republic,1790,0.013
114,Dominican Republic,1791,0.013
114,Dominican Republic,1792,0.013
114,Dominican Republic,1793,0.013
114,Dominican Republic,1794,0.013
114,Dominican Republic,1795,0.013
114,Dominican Republic,1796,0.013
114,Dominican Republic,1797,0.013
114,Dominican Republic,1798,0.013
114,Dominican Republic,1799,0.013
114,Dominican Republic,1800,0.013
114,Dominican Republic,1801,0.013
114,Dominican Republic,1802,0.013
114,Dominican Republic,1803,0.013
114,Dominican Republic,1804,0.013
114,Dominican Republic,1805,0.013
114,Dominican Republic,1806,0.013
114,Dominican Republic,1807,0.029
114,Dominican Republic,1808,0.029
114,Dominican Republic,1809,0.029
114,Dominican Republic,1810,0.029
114,Dominican Republic,1811,0.029
114,Dominican Republic,1812,0.029
114,Dominican Republic,1813,0.029
114,Dominican Republic,1814,0.029
114,Dominican Republic,1815,0.029
114,Dominican Republic,1816,0.029
114,Dominican Republic,1817,0.029
114,Dominican Republic,1818,0.029
114,Dominican Republic,1819,0.029
114,Dominican Republic,1820,0.029
114,Dominican Republic,1821,0.038
114,Dominican Republic,1822,0.029
114,Dominican Republic,1844,0.151
114,Dominican Republic,1845,0.157
114,Dominican Republic,1846,0.157
114,Dominican Republic,1847,0.157
114,Dominican Republic,1848,0.152
114,Dominican Republic,1849,0.138
114,Dominican Republic,1850,0.164
114,Dominican Republic,1851,0.164
114,Dominican Republic,1852,0.164
114,Dominican Republic,1853,0.164
114,Dominican Republic,1854,0.164
114,Dominican Republic,1855,0.164
114,Dominican Republic,1856,0.131
114,Dominican Republic,1857,0.109
114,Dominican Republic,1858,0.11
114,Dominican Republic,1859,0.109
114,Dominican Republic,1860,0.087
114,Dominican Republic,1861,0.048
114,Dominican Republic,1862,0.048
114,Dominican Republic,1863,0.048
114,Dominican Republic,1864,0.048
114,Dominican Republic,1865,0.116
114,Dominican Republic,1866,0.227
114,Dominican Republic,1867,0.198
114,Dominican Republic,1868,0.18
114,Dominican Republic,1869,0.175
114,Dominican Republic,1870,0.175
114,Dominican Republic,1871,0.175
114,Dominican Republic,1872,0.175
114,Dominican Republic,1873,0.175
114,Dominican Republic,1874,0.218
114,Dominican Republic,1875,0.214
114,Dominican Republic,1876,0.265
114,Dominican Republic,1877,0.158
114,Dominican Republic,1878,0.173
114,Dominican Republic,1879,0.188
114,Dominican Republic,1880,0.196
114,Dominican Republic,1881,0.257
114,Dominican Republic,1882,0.249
114,Dominican Republic,1883,0.231
114,Dominican Republic,1884,0.162
114,Dominican Republic,1885,0.11
114,Dominican Republic,1886,0.094
114,Dominican Republic,1887,0.156
114,Dominican Republic,1888,0.138
114,Dominican Republic,1889,0.147
114,Dominican Republic,1890,0.147
114,Dominican Republic,1891,0.147
114,Dominican Republic,1892,0.147
114,Dominican Republic,1893,0.147
114,Dominican Republic,1894,0.147
114,Dominican Republic,1895,0.147
114,Dominican Republic,1896,0.147
114,Dominican Republic,1897,0.146
114,Dominican Republic,1898,0.146
114,Dominican Republic,1899,0.152
114,Dominican Republic,1900,0.249
114,Dominican Republic,1901,0.249
114,Dominican Republic,1902,0.19
114,Dominican Republic,1903,0.175
114,Dominican Republic,1904,0.226
114,Dominican Republic,1905,
114,Dominican Republic,1906,0.223
114,Dominican Republic,1907,0.223
114,Dominican Republic,1908,0.206
114,Dominican Republic,1909,0.189
114,Dominican Republic,1910,0.189
114,Dominican Republic,1911,0.189
114,Dominican Republic,1912,0.198
114,Dominican Republic,1913,0.191
114,Dominican Republic,1914,0.214
114,Dominican Republic,1915,0.222
114,Dominican Republic,1916,0.161
114,Dominican Republic,1917,0.114
114,Dominican Republic,1918,0.114
114,Dominican Republic,1919,0.114
114,Dominican Republic,1920,0.114
114,Dominican Republic,1921,0.114
114,Dominican Republic,1922,0.114
114,Dominican Republic,1923,0.114
114,Dominican Republic,1924,0.173
114,Dominican Republic,1925,0.27
114,Dominican Republic,1926,0.27
114,Dominican Republic,1927,0.276
114,Dominican Republic,1928,0.275
114,Dominican Republic,1929,0.267
114,Dominican Republic,1930,0.205
114,Dominican Republic,1931,0.125
114,Dominican Republic,1932,0.125
114,Dominican Republic,1933,0.125
114,Dominican Republic,1934,0.122
114,Dominican Republic,1935,0.121
114,Dominican Republic,1936,0.121
114,Dominican Republic,1937,0.121
114,Dominican Republic,1938,0.121
114,Dominican Republic,1939,0.12
114,Dominican Republic,1940,0.12
114,Dominican Republic,1941,0.12
114,Dominican Republic,1942,0.12
114,Dominican Republic,1943,0.152
114,Dominican Republic,1944,0.152
114,Dominican Republic,1945,0.152
114,Dominican Republic,1946,0.152
114,Dominican Republic,1947,0.151
114,Dominican Republic,1948,0.151
114,Dominican Republic,1949,0.151
114,Dominican Republic,1950,0.151
114,Dominican Republic,1951,0.15
114,Dominican Republic,1952,0.15
114,Dominican Republic,1953,0.151
114,Dominican Republic,1954,0.151
114,Dominican Republic,1955,0.151
114,Dominican Republic,1956,0.151
114,Dominican Republic,1957,0.151
114,Dominican Republic,1958,0.151
114,Dominican Republic,1959,0.153
114,Dominican Republic,1960,0.148
114,Dominican Republic,1961,0.162
114,Dominican Republic,1962,0.141
114,Dominican Republic,1963,0.353
114,Dominican Republic,1964,0.159
114,Dominican Republic,1965,0.154
114,Dominican Republic,1966,0.194
114,Dominican Republic,1967,0.269
114,Dominican Republic,1968,0.269
114,Dominican Republic,1969,0.269
114,Dominican Republic,1970,0.27
114,Dominican Republic,1971,0.271
114,Dominican Republic,1972,0.271
114,Dominican Republic,1973,0.271
114,Dominican Republic,1974,0.271
114,Dominican Republic,1975,0.276
114,Dominican Republic,1976,0.276
114,Dominican Republic,1977,0.276
114,Dominican Republic,1978,0.35
114,Dominican Republic,1979,0.417
114,Dominican Republic,1980,0.469
114,Dominican Republic,1981,0.469
114,Dominican Republic,1982,0.502
114,Dominican Republic,1983,0.521
114,Dominican Republic,1984,0.519
114,Dominican Republic,1985,0.519
114,Dominican Republic,1986,0.52
114,Dominican Republic,1987,0.507
114,Dominican Republic,1988,0.506
114,Dominican Republic,1989,0.506
114,Dominican Republic,1990,0.453
114,Dominican Republic,1991,0.426
114,Dominican Republic,1992,0.426
114,Dominican Republic,1993,0.426
114,Dominican Republic,1994,0.427
114,Dominican Republic,1995,0.439
114,Dominican Republic,1996,0.52
114,Dominican Republic,1997,0.596
114,Dominican Republic,1998,0.618
114,Dominican Republic,1999,0.637
114,Dominican Republic,2000,0.641
114,Dominican Republic,2001,0.651
114,Dominican Republic,2002,0.651
114,Dominican Republic,2003,0.651
114,Dominican Republic,2004,0.637
114,Dominican Republic,2005,0.628
114,Dominican Republic,2006,0.623
114,Dominican Republic,2007,0.622
114,Dominican Republic,2008,0.618
114,Dominican Republic,2009,0.615
114,Dominican Republic,2010,0.607
114,Dominican Republic,2011,0.603
114,Dominican Republic,2012,0.598
114,Dominican Republic,2013,0.586
114,Dominican Republic,2014,0.586
114,Dominican Republic,2015,0.564
114,Dominican Republic,2016,0.543
114,Dominican Republic,2017,0.527
114,Dominican Republic,2018,0.525
114,Dominican Republic,2019,0.521
114,Dominican Republic,2020,0.594
155,Cuba,1789,0.07
155,Cuba,1790,0.07
155,Cuba,1791,0.07
155,Cuba,1792,0.07
155,Cuba,1793,0.07
155,Cuba,1794,0.07
155,Cuba,1795,0.07
155,Cuba,1796,0.07
155,Cuba,1797,0.07
155,Cuba,1798,0.07
155,Cuba,1799,0.07
155,Cuba,1800,0.07
155,Cuba,1801,0.07
155,Cuba,1802,0.07
155,Cuba,1803,0.07
155,Cuba,1804,0.07
155,Cuba,1805,0.07
155,Cuba,1806,0.07
155,Cuba,1807,0.07
155,Cuba,1808,0.07
155,Cuba,1809,0.07
155,Cuba,1810,0.07
155,Cuba,1811,0.07
155,Cuba,1812,0.055
155,Cuba,1813,0.07
155,Cuba,1814,0.07
155,Cuba,1815,0.07
155,Cuba,1816,0.07
155,Cuba,1817,0.07
155,Cuba,1818,0.07
155,Cuba,1819,0.07
155,Cuba,1820,0.07
155,Cuba,1821,0.07
155,Cuba,1822,0.07
155,Cuba,1823,0.07
155,Cuba,1824,0.07
155,Cuba,1825,0.07
155,Cuba,1826,0.07
155,Cuba,1827,0.07
155,Cuba,1828,0.07
155,Cuba,1829,0.07
155,Cuba,1830,0.07
155,Cuba,1831,0.07
155,Cuba,1832,0.07
155,Cuba,1833,0.07
155,Cuba,1834,0.07
155,Cuba,1835,0.07
155,Cuba,1836,0.07
155,Cuba,1837,0.07
155,Cuba,1838,0.07
155,Cuba,1839,0.07
155,Cuba,1840,0.07
155,Cuba,1841,0.07
155,Cuba,1842,0.07
155,Cuba,1843,0.07
155,Cuba,1844,0.05
155,Cuba,1845,0.071
155,Cuba,1846,0.071
155,Cuba,1847,0.071
155,Cuba,1848,0.071
155,Cuba,1849,0.071
155,Cuba,1850,0.071
155,Cuba,1851,0.071
155,Cuba,1852,0.071
155,Cuba,1853,0.071
155,Cuba,1854,0.071
155,Cuba,1855,0.071
155,Cuba,1856,0.071
155,Cuba,1857,0.071
155,Cuba,1858,0.071
155,Cuba,1859,0.071
155,Cuba,1860,0.071
155,Cuba,1861,0.071
155,Cuba,1862,0.071
155,Cuba,1863,0.071
155,Cuba,1864,0.071
155,Cuba,1865,0.071
155,Cuba,1866,0.071
155,Cuba,1867,0.071
155,Cuba,1868,0.062
155,Cuba,1869,0.062
155,Cuba,1870,0.062
155,Cuba,1871,0.062
155,Cuba,1872,0.062
155,Cuba,1873,0.062
155,Cuba,1874,0.062
155,Cuba,1875,0.062
155,Cuba,1876,0.062
155,Cuba,1877,0.062
155,Cuba,1878,0.067
155,Cuba,1879,0.07
155,Cuba,1880,0.07
155,Cuba,1881,0.07
155,Cuba,1882,0.07
155,Cuba,1883,0.07
155,Cuba,1884,0.07
155,Cuba,1885,0.07
155,Cuba,1886,0.07
155,Cuba,1887,0.07
155,Cuba,1888,0.07
155,Cuba,1889,0.07
155,Cuba,1890,0.07
155,Cuba,1891,0.07
155,Cuba,1892,0.07
155,Cuba,1893,0.07
155,Cuba,1894,0.07
155,Cuba,1895,0.063
155,Cuba,1896,0.063
155,Cuba,1897,0.063
155,Cuba,1898,0.063
155,Cuba,1899,0.148
155,Cuba,1900,0.181
155,Cuba,1901,0.212
155,Cuba,1902,0.291
155,Cuba,1903,0.326
155,Cuba,1904,0.318
155,Cuba,1905,0.316
155,Cuba,1906,0.28
155,Cuba,1907,0.193
155,Cuba,1908,0.198
155,Cuba,1909,0.301
155,Cuba,1910,0.309
155,Cuba,1911,0.317
155,Cuba,1912,0.316
155,Cuba,1913,0.312
155,Cuba,1914,0.313
155,Cuba,1915,0.32
155,Cuba,1916,0.32
155,Cuba,1917,0.316
155,Cuba,1918,0.317
155,Cuba,1919,0.318
155,Cuba,1920,0.318
155,Cuba,1921,0.318
155,Cuba,1922,0.317
155,Cuba,1923,0.315
155,Cuba,1924,0.315
155,Cuba,1925,0.316
155,Cuba,1926,0.315
155,Cuba,1927,0.305
155,Cuba,1928,0.297
155,Cuba,1929,0.282
155,Cuba,1930,0.281
155,Cuba,1931,0.273
155,Cuba,1932,0.273
155,Cuba,1933,0.236
155,Cuba,1934,0.187
155,Cuba,1935,0.188
155,Cuba,1936,0.304
155,Cuba,1937,0.325
155,Cuba,1938,0.325
155,Cuba,1939,0.325
155,Cuba,1940,0.328
155,Cuba,1941,0.431
155,Cuba,1942,0.423
155,Cuba,1943,0.421
155,Cuba,1944,0.422
155,Cuba,1945,0.425
155,Cuba,1946,0.426
155,Cuba,1947,0.427
155,Cuba,1948,0.429
155,Cuba,1949,0.43
155,Cuba,1950,0.423
155,Cuba,1951,0.409
155,Cuba,1952,0.235
155,Cuba,1953,0.188
155,Cuba,1954,0.191
155,Cuba,1955,0.266
155,Cuba,1956,0.276
155,Cuba,1957,0.273
155,Cuba,1958,0.273
155,Cuba,1959,0.14
155,Cuba,1960,0.089
155,Cuba,1961,0.07
155,Cuba,1962,0.07
155,Cuba,1963,0.07
155,Cuba,1964,0.07
155,Cuba,1965,0.07
155,Cuba,1966,0.07
155,Cuba,1967,0.07
155,Cuba,1968,0.07
155,Cuba,1969,0.07
155,Cuba,1970,0.07
155,Cuba,1971,0.07
155,Cuba,1972,0.07
155,Cuba,1973,0.07
155,Cuba,1974,0.07
155,Cuba,1975,0.07
155,Cuba,1976,0.07
155,Cuba,1977,0.07
155,Cuba,1978,0.07
155,Cuba,1979,0.07
155,Cuba,1980,0.072
155,Cuba,1981,0.072
155,Cuba,1982,0.072
155,Cuba,1983,0.072
155,Cuba,1984,0.072
155,Cuba,1985,0.072
155,Cuba,1986,0.072
155,Cuba,1987,0.072
155,Cuba,1988,0.072
155,Cuba,1989,0.072
155,Cuba,1990,0.072
155,Cuba,1991,0.072
155,Cuba,1992,0.072
155,Cuba,1993,0.106
155,Cuba,1994,0.112
155,Cuba,1995,0.112
155,Cuba,1996,0.112
155,Cuba,1997,0.112
155,Cuba,1998,0.117
155,Cuba,1999,0.117
155,Cuba,2000,0.117
155,Cuba,2001,0.117
155,Cuba,2002,0.117
155,Cuba,2003,0.117
155,Cuba,2004,0.117
155,Cuba,2005,0.117
155,Cuba,2006,0.117
155,Cuba,2007,0.117
155,Cuba,2008,0.172
155,Cuba,2009,0.172
155,Cuba,2010,0.172
155,Cuba,2011,0.172
155,Cuba,2012,0.172
155,Cuba,2013,0.175
155,Cuba,2014,0.175
155,Cuba,2015,0.175
155,Cuba,2016,0.177
155,Cuba,2017,0.176
155,Cuba,2018,0.182
155,Cuba,2019,0.184
155,Cuba,2020,0.184
189,Paraguay,1811,0.04
189,Paraguay,1812,0.04
189,Paraguay,1813,0.04
189,Paraguay,1814,0.032
189,Paraguay,1815,0.032
189,Paraguay,1816,0.032
189,Paraguay,1817,0.032
189,Paraguay,1818,0.032
189,Paraguay,1819,0.032
189,Paraguay,1820,0.032
189,Paraguay,1821,0.032
189,Paraguay,1822,0.032
189,Paraguay,1823,0.032
189,Paraguay,1824,0.032
189,Paraguay,1825,0.032
189,Paraguay,1826,0.032
189,Paraguay,1827,0.032
189,Paraguay,1828,0.032
189,Paraguay,1829,0.032
189,Paraguay,1830,0.032
189,Paraguay,1831,0.032
189,Paraguay,1832,0.032
189,Paraguay,1833,0.032
189,Paraguay,1834,0.032
189,Paraguay,1835,0.032
189,Paraguay,1836,0.032
189,Paraguay,1837,0.032
189,Paraguay,1838,0.032
189,Paraguay,1839,0.032
189,Paraguay,1840,0.032
189,Paraguay,1841,0.038
189,Paraguay,1842,0.035
189,Paraguay,1843,0.035
189,Paraguay,1844,0.066
189,Paraguay,1845,0.066
189,Paraguay,1846,0.066
189,Paraguay,1847,0.066
189,Paraguay,1848,0.066
189,Paraguay,1849,0.066
189,Paraguay,1850,0.066
189,Paraguay,1851,0.066
189,Paraguay,1852,0.066
189,Paraguay,1853,0.066
189,Paraguay,1854,0.066
189,Paraguay,1855,0.066
189,Paraguay,1856,0.057
189,Paraguay,1857,0.057
189,Paraguay,1858,0.057
189,Paraguay,1859,0.057
189,Paraguay,1860,0.057
189,Paraguay,1861,0.057
189,Paraguay,1862,0.062
189,Paraguay,1863,0.073
189,Paraguay,1864,0.069
189,Paraguay,1865,0.069
189,Paraguay,1866,0.069
189,Paraguay,1867,0.069
189,Paraguay,1868,0.069
189,Paraguay,1869,0.022
189,Paraguay,1870,0.055
189,Paraguay,1871,0.186
189,Paraguay,1872,0.186
189,Paraguay,1873,0.186
189,Paraguay,1874,0.184
189,Paraguay,1875,0.17
189,Paraguay,1876,0.17
189,Paraguay,1877,0.202
189,Paraguay,1878,0.199
189,Paraguay,1879,0.199
189,Paraguay,1880,0.193
189,Paraguay,1881,0.185
189,Paraguay,1882,0.183
189,Paraguay,1883,0.195
189,Paraguay,1884,0.195
189,Paraguay,1885,0.195
189,Paraguay,1886,0.197
189,Paraguay,1887,0.201
189,Paraguay,1888,0.201
189,Paraguay,1889,0.201
189,Paraguay,1890,0.201
189,Paraguay,1891,0.212
189,Paraguay,1892,0.213
189,Paraguay,1893,0.212
189,Paraguay,1894,0.207
189,Paraguay,1895,0.216
189,Paraguay,1896,0.211
189,Paraguay,1897,0.211
189,Paraguay,1898,0.217
189,Paraguay,1899,0.217
189,Paraguay,1900,0.222
189,Paraguay,1901,0.222
189,Paraguay,1902,0.222
189,Paraguay,1903,0.222
189,Paraguay,1904,0.221
189,Paraguay,1905,0.222
189,Paraguay,1906,0.222
189,Paraguay,1907,0.222
189,Paraguay,1908,0.189
189,Paraguay,1909,0.222
189,Paraguay,1910,0.222
189,Paraguay,1911,0.175
189,Paraguay,1912,0.195
189,Paraguay,1913,0.222
189,Paraguay,1914,0.222
189,Paraguay,1915,0.223
189,Paraguay,1916,0.223
189,Paraguay,1917,0.223
189,Paraguay,1918,0.223
189,Paraguay,1919,0.223
189,Paraguay,1920,0.223
189,Paraguay,1921,0.223
189,Paraguay,1922,0.22
189,Paraguay,1923,0.22
189,Paraguay,1924,0.227
189,Paraguay,1925,0.227
189,Paraguay,1926,0.227
189,Paraguay,1927,0.227
189,Paraguay,1928,0.224
189,Paraguay,1929,0.225
189,Paraguay,1930,0.223
189,Paraguay,1931,0.223
189,Paraguay,1932,0.219
189,Paraguay,1933,0.217
189,Paraguay,1934,0.217
189,Paraguay,1935,0.217
189,Paraguay,1936,0.138
189,Paraguay,1937,0.161
189,Paraguay,1938,0.209
189,Paraguay,1939,0.207
189,Paraguay,1940,0.113
189,Paraguay,1941,0.101
189,Paraguay,1942,0.101
189,Paraguay,1943,0.11
189,Paraguay,1944,0.143
189,Paraguay,1945,0.143
189,Paraguay,1946,0.145
189,Paraguay,1947,0.132
189,Paraguay,1948,0.147
189,Paraguay,1949,0.156
189,Paraguay,1950,0.155
189,Paraguay,1951,0.155
189,Paraguay,1952,0.155
189,Paraguay,1953,0.153
189,Paraguay,1954,0.137
189,Paraguay,1955,0.12
189,Paraguay,1956,0.12
189,Paraguay,1957,0.12
189,Paraguay,1958,0.118
189,Paraguay,1959,0.096
189,Paraguay,1960,0.084
189,Paraguay,1961,0.117
189,Paraguay,1962,0.149
189,Paraguay,1963,0.156
189,Paraguay,1964,0.161
189,Paraguay,1965,0.161
189,Paraguay,1966,0.161
189,Paraguay,1967,0.161
189,Paraguay,1968,0.16
189,Paraguay,1969,0.161
189,Paraguay,1970,0.161
189,Paraguay,1971,0.161
189,Paraguay,1972,0.161
189,Paraguay,1973,0.162
189,Paraguay,1974,0.163
189,Paraguay,1975,0.163
189,Paraguay,1976,0.163
189,Paraguay,1977,0.16
189,Paraguay,1978,0.161
189,Paraguay,1979,0.161
189,Paraguay,1980,0.164
189,Paraguay,1981,0.164
189,Paraguay,1982,0.164
189,Paraguay,1983,0.164
189,Paraguay,1984,0.164
189,Paraguay,1985,0.165
189,Paraguay,1986,0.165
189,Paraguay,1987,0.166
189,Paraguay,1988,0.168
189,Paraguay,1989,0.186
189,Paraguay,1990,0.384
189,Paraguay,1991,0.39
189,Paraguay,1992,0.476
189,Paraguay,1993,0.504
189,Paraguay,1994,0.521
189,Paraguay,1995,0.521
189,Paraguay,1996,0.531
189,Paraguay,1997,0.529
189,Paraguay,1998,0.537
189,Paraguay,1999,0.542
189,Paraguay,2000,0.545
189,Paraguay,2001,0.545
189,Paraguay,2002,0.545
189,Paraguay,2003,0.567
189,Paraguay,2004,0.599
189,Paraguay,2005,0.599
189,Paraguay,2006,0.599
189,Paraguay,2007,0.599
189,Paraguay,2008,0.601
189,Paraguay,2009,0.643
189,Paraguay,2010,0.646
189,Paraguay,2011,0.637
189,Paraguay,2012,0.615
189,Paraguay,2013,0.594
189,Paraguay,2014,0.602
189,Paraguay,2015,0.588
189,Paraguay,2016,0.59
189,Paraguay,2017,0.593
189,Paraguay,2018,0.585
189,Paraguay,2019,0.59
189,Paraguay,2020,0.581
